1,0,1,0,139,151,240,[845.5],113,257
1,0,1,0,147,121,217,[762.5],109,212
1,0,1,0,181,161,263,[948.5],122,287
1,0,1,0,161,149,255,[894.5],121,363
1,0,1,0,170,156,266,[936.0],125,307
1,0,1,0,153,155,245,[875.5],120,265
1,0,1,0,137,121,228,[774.5],102,229
1,0,1,0,127,122,192,[694.0],90,134
1,0,1,0,162,142,233,[841.0],112,238
1,0,1,0,150,151,235,[846.5],110,234
1,0,1,0,145,154,229,[834.0],113,210
1,0,1,0,153,152,223,[827.0],109,268
1,0,1,0,165,176,266,[961.0],121,246
1,0,1,0,154,159,232,[856.5],115,208
1,0,1,0,148,145,268,[901.5],116,231
1,0,1,0,163,162,241,[888.0],112,236
1,0,1,0,139,147,223,[805.5],107,238
1,0,1,0,144,148,224,[814.0],107,245
1,0,1,0,147,154,263,[904.0],112,255
1,0,1,0,126,140,196,[728.0],92,211
1,0,1,0,177,168,270,[969.0],117,312
1,0,1,0,130,138,221,[779.0],98,242
1,0,1,0,185,161,261,[948.5],114,216
1,0,1,0,140,149,243,[849.5],106,176
1,0,1,0,161,153,231,[852.5],109,230
1,0,1,0,141,109,214,[732.5],94,156
1,0,1,0,144,135,215,[776.5],105,196
1,0,1,0,131,120,227,[765.0],101,167
1,0,1,0,130,132,215,[758.0],101,166
1,0,1,0,162,173,235,[891.5],111,177
1,0,1,0,125,125,191,[694.5],93,109
1,0,1,0,126,110,194,[679.0],93,152
1,0,1,0,115,131,195,[701.5],90,210
1,0,1,0,132,142,234,[813.0],102,244
1,0,1,0,128,133,203,[733.5],97,226
1,0,1,0,166,170,293,[1007.0],108,238
1,0,1,0,134,146,220,[793.0],98,248
1,0,1,0,156,175,261,[940.5],107,247
1,0,1,0,164,178,267,[965.0],110,316
1,0,1,0,126,136,206,[742.0],97,158
1,0,1,0,138,142,234,[819.0],100,212
1,0,1,0,151,155,279,[941.5],105,201
1,0,1,0,163,137,236,[840.5],100,202
1,0,1,0,182,147,275,[952.5],105,276
1,0,1,0,128,151,237,[828.5],102,193
1,0,1,0,141,155,209,[791.5],96,212
1,0,1,0,141,125,216,[760.5],98,163
1,0,1,0,153,152,263,[907.0],102,278
1,0,1,0,134,147,240,[834.5],100,177
1,0,1,0,158,157,249,[891.5],103,278
1,0,1,0,127,131,212,[747.5],94,189
1,0,1,0,135,143,220,[789.5],98,243
1,0,1,0,205,160,290,[1025.0],113,254
1,0,1,0,137,144,234,[821.0],100,267
1,0,1,0,167,164,259,[931.0],103,302
1,0,1,0,157,160,261,[919.0],102,239
1,0,1,0,147,145,216,[796.5],97,210
1,0,1,0,158,155,249,[888.5],101,159
1,0,1,0,153,150,220,[818.0],97,233
1,0,1,0,133,131,236,[801.5],98,167
1,0,1,0,160,152,243,[874.0],98,259
1,0,1,0,163,181,275,[984.5],105,279
1,0,1,0,143,143,253,[863.5],98,263
1,0,1,0,144,145,236,[833.5],96,255
1,0,1,0,142,150,214,[795.0],97,215
1,0,1,0,112,104,180,[628.0],90,108
1,0,1,0,161,151,252,[891.5],100,200
1,0,1,0,133,129,211,[748.5],96,172
1,0,1,0,141,150,230,[826.0],98,198
1,0,1,0,145,166,262,[918.0],100,235
1,0,1,0,162,164,270,[948.0],103,233
1,0,1,0,157,173,254,[924.5],100,256
1,0,1,0,120,133,198,[715.5],91,184
1,0,1,0,158,176,264,[950.0],101,270
1,0,1,0,149,151,227,[829.5],98,239
1,0,1,0,128,116,193,[688.0],91,151
1,0,1,0,139,161,258,[896.5],100,290
1,0,1,0,138,130,237,[807.0],96,282
1,0,1,0,167,165,270,[954.5],101,346
1,0,1,0,143,165,259,[908.5],100,227
1,0,1,0,153,149,233,[842.5],97,197
1,0,1,0,160,160,235,[870.0],98,228
1,0,1,0,106,122,195,[679.0],90,196
1,0,1,0,152,162,251,[897.0],100,181
1,0,1,0,169,164,250,[915.0],101,244
1,0,1,0,141,155,230,[833.5],97,201
1,0,1,0,137,138,218,[780.0],95,290
1,0,1,0,166,148,259,[906.0],101,248
1,0,1,0,120,138,229,[785.0],95,168
1,0,1,0,168,176,281,[994.0],101,278
1,0,1,0,134,137,234,[807.5],97,165
1,0,1,0,157,185,260,[954.5],100,208
1,0,1,0,193,205,321,[1142.5],116,330
1,0,1,0,139,146,214,[786.0],96,221
1,0,1,0,114,120,190,[674.0],92,198
1,0,1,0,115,132,206,[725.0],94,118
1,0,1,0,170,165,232,[881.5],99,222
1,0,1,0,135,157,223,[816.5],95,241
1,0,1,0,132,122,231,[777.0],95,194
1,0,1,0,150,150,239,[853.0],96,247
1,0,1,0,196,198,285,[1063.0],108,272
1,0,1,0,157,145,258,[890.5],98,260
1,0,1,0,171,153,262,[924.5],99,214
1,0,1,0,116,139,194,[712.5],92,178
1,0,1,0,149,146,269,[906.0],96,224
1,0,1,0,145,161,214,[814.5],96,161
1,0,1,0,117,125,187,[678.5],90,122
1,0,1,0,134,138,219,[779.0],96,185
1,0,1,0,158,189,279,[999.5],100,274
1,0,1,0,150,134,222,[795.0],96,209
1,0,1,0,151,151,226,[829.5],96,239
1,0,1,0,116,117,179,[649.5],88,129
1,0,1,0,136,125,230,[783.5],94,174
1,0,1,0,155,141,239,[844.5],95,209
1,0,1,0,126,130,212,[745.0],92,168
1,0,1,0,145,155,239,[855.5],93,208
1,0,1,0,155,146,211,[796.0],93,176
1,0,1,0,162,167,249,[910.5],96,256
1,0,1,0,104,113,181,[635.5],88,93
1,0,1,0,128,126,214,[745.0],92,187
1,0,1,0,152,153,254,[889.5],96,211
1,0,1,0,146,135,251,[850.5],94,287
1,0,1,0,129,133,228,[784.5],93,211
1,0,1,0,177,172,284,[1003.0],97,269
1,0,1,0,136,139,223,[790.5],93,206
1,0,1,0,133,127,201,[725.5],92,123
1,0,1,0,138,175,248,[896.5],95,215
1,0,1,0,154,164,286,[972.0],95,221
1,0,1,0,139,140,224,[797.0],94,228
1,0,1,0,118,137,224,[771.5],94,193
1,0,1,0,162,154,249,[891.0],95,213
1,0,1,0,169,165,261,[938.5],95,246
1,0,1,0,133,132,204,[739.0],92,190
1,0,1,0,148,153,227,[831.5],95,205
1,0,1,0,155,163,213,[825.5],93,225
1,0,1,0,122,131,208,[734.5],92,181
1,0,1,0,152,150,228,[833.0],95,212
1,0,1,0,166,144,272,[926.0],95,194
1,0,1,0,136,132,227,[788.0],93,202
1,0,1,0,154,163,270,[938.5],95,234
1,0,1,0,162,158,255,[909.0],94,239
1,0,1,0,151,175,280,[973.5],95,245
1,0,1,0,131,163,245,[865.5],95,288
1,0,1,0,110,136,194,[702.0],92,129
1,0,1,0,180,181,268,[987.5],96,294
1,0,1,0,161,200,278,[1017.0],98,185
1,0,1,0,171,189,293,[1040.5],102,337
1,0,1,0,169,147,238,[865.5],94,179
1,0,1,0,141,163,248,[881.5],95,259
1,0,1,0,166,166,259,[933.0],95,261
1,0,1,1,125,124,215,[741.0],92,179
1,0,1,1,119,118,200,[696.0],92,199
1,0,1,1,119,125,202,[710.5],91,132
1,0,1,1,160,150,238,[861.0],95,189
1,0,1,1,140,150,230,[825.0],94,183
1,0,1,1,179,152,244,[895.0],95,256
1,0,1,1,148,164,244,[882.0],95,227
1,0,1,1,150,141,254,[869.5],94,240
1,0,1,1,164,161,241,[887.5],95,221
1,0,1,1,163,146,230,[842.0],93,111
1,0,1,1,157,183,256,[943.5],95,231
1,0,1,1,142,125,221,[771.5],93,204
1,0,1,1,158,142,249,[869.0],95,219
1,0,1,1,151,157,238,[862.5],95,217
1,0,1,1,147,138,262,[878.0],95,210
1,0,1,1,174,157,239,[887.5],95,220
1,0,1,1,167,156,235,[871.0],94,144
1,0,1,1,171,155,253,[909.5],95,198
1,0,1,1,169,145,246,[878.5],95,256
1,0,1,1,163,160,272,[947.0],95,234
1,0,1,1,120,152,237,[822.0],94,200
1,0,1,1,168,175,247,[924.5],95,212
1,0,1,1,161,147,246,[873.5],94,200
1,0,1,1,145,154,282,[940.0],95,214
1,0,1,1,152,152,269,[918.0],95,269
1,0,1,1,133,145,244,[838.5],94,234
1,0,1,1,136,143,207,[764.5],92,214
1,0,1,1,128,125,219,[753.5],93,240
1,0,1,1,126,139,214,[762.5],92,169
1,0,1,1,168,164,276,[966.0],95,271
1,0,1,1,130,142,230,[803.0],93,169
1,0,1,1,119,118,210,[716.0],92,176
1,0,1,1,144,134,202,[749.0],93,167
1,0,1,1,143,127,239,[811.5],94,210
1,0,1,1,148,135,202,[754.5],92,220
1,0,1,1,158,167,252,[912.5],94,208
1,0,1,1,163,153,271,[934.5],95,207
1,0,1,1,142,143,248,[852.5],94,215
1,0,1,1,166,187,292,[1030.5],96,357
1,0,1,1,140,125,219,[765.5],92,164
1,0,1,1,159,150,244,[872.0],95,186
1,0,1,1,148,131,228,[800.5],93,181
1,0,1,1,134,154,240,[845.0],92,255
1,0,1,1,144,149,231,[829.5],93,178
1,0,1,1,144,158,239,[859.0],94,177
1,0,1,1,136,137,204,[749.5],91,207
1,0,1,1,120,130,224,[763.0],92,261
1,0,1,1,156,152,239,[862.0],94,252
1,0,1,1,151,148,231,[835.0],92,218
1,0,1,1,116,116,187,[664.0],90,144
1,0,1,1,159,144,239,[853.0],93,187
1,0,1,1,138,131,198,[730.5],89,173
1,0,1,1,142,137,201,[749.5],91,183
1,0,1,1,146,138,239,[831.0],91,186
1,0,1,1,124,123,211,[730.5],91,183
1,0,1,1,138,153,229,[825.5],92,210
1,0,1,1,127,130,215,[752.0],90,126
1,0,1,1,175,137,237,[854.5],92,143
1,0,1,1,132,136,233,[802.0],90,216
1,0,1,1,149,141,249,[858.5],91,260
1,0,1,1,142,139,217,[784.5],91,170
1,0,1,1,114,115,189,[664.5],88,172
1,0,1,1,159,169,251,[914.5],92,238
1,0,1,1,128,130,206,[735.0],90,170
1,0,1,1,125,129,186,[690.5],89,116
1,0,1,1,149,131,214,[773.5],90,200
1,0,1,1,186,144,297,[996.0],91,237
1,0,1,1,126,124,207,[726.0],90,203
1,0,1,1,138,153,258,[883.5],92,175
1,0,1,1,164,162,283,[973.0],95,208
1,0,1,1,183,172,272,[985.0],91,246
1,0,1,1,129,133,213,[754.5],89,199
1,0,1,1,145,153,236,[846.5],91,239
1,0,1,1,167,156,255,[911.0],92,251
1,0,1,1,196,161,298,[1033.5],96,204
1,0,1,1,144,149,228,[823.5],91,155
1,0,1,1,142,156,221,[818.0],91,189
1,0,1,1,154,140,227,[818.0],90,127
1,0,1,1,154,148,243,[862.0],92,251
1,0,1,1,156,164,269,[940.0],92,239
1,0,1,1,149,144,258,[881.0],92,217
1,0,1,1,162,168,264,[942.0],92,248
1,0,1,1,109,97,184,[622.5],87,152
1,0,1,1,162,161,236,[875.5],92,256
1,0,1,1,139,132,221,[779.0],88,197
1,0,1,1,172,152,237,[874.0],91,190
1,0,1,1,121,113,209,[708.5],88,116
1,0,1,1,161,165,243,[894.5],91,255
1,0,1,1,149,146,230,[828.0],90,185
1,0,1,1,176,162,251,[921.0],91,185
1,0,1,1,126,113,206,[707.5],88,149
1,0,1,1,166,152,253,[900.0],91,167
1,0,1,1,135,140,233,[811.0],90,191
1,0,1,1,168,169,255,[931.5],91,230
1,0,1,1,145,142,223,[804.0],91,196
1,0,1,1,144,125,203,[737.5],89,166
1,0,1,1,120,132,197,[712.0],89,166
1,0,1,1,143,124,216,[761.0],89,214
1,0,1,1,149,147,232,[833.5],90,247
1,0,1,1,150,155,261,[904.5],91,189
1,0,1,1,123,137,185,[698.5],88,243
1,0,1,1,146,140,233,[822.0],89,168
1,0,1,1,139,136,205,[753.0],89,157
1,0,1,1,150,156,259,[902.0],91,194
1,0,1,1,140,130,214,[763.0],89,197
1,0,1,1,150,170,252,[909.0],91,241
1,0,1,1,129,120,204,[717.0],88,251
1,0,1,1,158,165,283,[971.5],91,197
1,0,1,1,159,150,232,[848.0],91,210
1,0,1,1,132,146,217,[785.0],89,194
1,0,1,1,133,132,223,[777.0],90,151
1,0,1,1,144,128,222,[780.0],89,127
1,0,1,1,125,150,225,[800.0],90,244
1,0,1,1,164,199,264,[990.5],92,218
1,0,1,1,143,140,233,[819.0],90,155
1,0,1,1,149,150,240,[854.0],90,216
1,0,1,1,157,131,228,[809.5],90,224
1,0,1,1,141,140,217,[785.0],89,185
1,0,1,1,154,156,244,[876.0],91,183
1,0,1,1,150,153,266,[911.5],90,254
1,0,1,1,134,137,211,[761.5],90,143
1,0,1,1,156,156,255,[900.0],91,160
1,0,1,1,144,142,224,[805.0],90,71
1,0,1,1,149,139,227,[811.5],90,172
1,0,1,1,134,155,199,[764.5],89,210
1,0,1,1,162,166,261,[933.0],90,230
1,0,1,1,141,130,219,[774.0],89,155
1,0,1,1,111,116,172,[629.0],88,119
1,0,1,1,165,163,266,[941.5],90,162
1,0,1,1,162,178,262,[953.0],90,206
1,0,1,1,135,132,203,[739.0],88,164
1,0,1,1,155,129,236,[820.5],89,289
1,0,1,1,126,143,205,[750.5],89,244
1,0,1,1,133,137,221,[780.5],89,170
1,0,1,1,179,155,268,[947.5],90,204
1,0,1,1,153,128,234,[813.0],89,143
1,0,1,1,127,130,198,[718.0],89,245
1,0,1,1,130,144,212,[770.0],89,121
1,0,1,1,145,134,225,[796.0],90,212
1,0,1,1,128,140,215,[768.0],89,152
1,0,1,1,153,144,232,[833.0],89,197
1,0,1,1,160,159,269,[936.5],89,210
1,0,1,1,138,141,221,[791.5],89,174
1,0,1,1,129,141,200,[740.5],89,154
1,0,1,1,133,137,224,[786.5],89,141
1,0,1,1,156,153,251,[887.5],88,233
1,0,1,1,132,141,217,[777.5],89,171
1,0,1,1,136,144,250,[852.0],89,198
1,0,1,1,133,133,205,[742.5],89,201
1,0,1,1,147,155,219,[817.5],89,221
1,0,2,0,186,190,295,[1061.0],92,297
1,0,2,0,127,167,239,[855.5],89,153
1,0,2,0,157,143,222,[815.5],89,194
1,0,2,0,132,130,226,[779.0],89,174
1,0,2,0,142,139,278,[906.5],89,248
1,0,2,0,163,149,227,[840.5],89,173
1,0,2,0,121,128,204,[721.0],89,100
1,0,2,0,172,172,283,[996.0],90,232
1,0,2,0,135,145,230,[812.5],89,157
1,0,2,0,137,139,227,[799.5],89,221
1,0,2,0,145,144,221,[803.0],89,194
1,0,2,0,145,158,259,[900.0],89,196
1,0,2,0,128,125,201,[717.5],88,160
1,0,2,0,154,167,241,[886.5],89,170
1,0,2,0,135,139,226,[795.5],89,163
1,0,2,0,140,155,224,[820.5],89,157
1,0,2,0,161,157,286,[968.5],90,207
1,0,2,0,146,152,203,[780.0],89,171
1,0,2,0,173,148,244,[883.0],89,149
1,0,2,0,139,142,266,[884.0],89,180
1,0,2,0,148,135,233,[816.5],89,200
1,0,2,0,147,166,268,[932.0],89,246
1,0,2,0,99,112,167,[601.0],83,159
1,0,2,0,147,137,224,[800.5],87,172
1,0,2,0,145,136,221,[791.0],87,265
1,0,2,0,175,156,245,[899.0],87,195
1,0,2,0,175,178,308,[1058.0],90,251
1,0,2,0,201,196,300,[1095.0],94,217
1,0,2,0,140,164,239,[864.0],87,151
1,0,2,0,126,125,208,[729.5],87,243
1,0,2,0,142,139,245,[840.5],87,208
1,0,2,0,137,158,265,[904.0],87,169
1,0,2,0,160,144,255,[886.0],87,239
1,0,2,0,144,165,240,[871.5],87,249
1,0,2,0,134,136,210,[758.0],87,158
1,0,2,0,173,155,271,[947.5],87,196
1,0,2,0,164,191,277,[1004.5],90,199
1,0,2,0,174,156,255,[918.0],86,156
1,0,2,0,154,158,234,[859.0],87,191
1,0,2,0,162,168,258,[930.0],87,199
1,0,2,0,130,133,216,[761.5],87,190
1,0,2,0,121,135,213,[749.5],87,101
1,0,2,0,139,144,230,[815.0],87,172
1,0,2,0,167,170,263,[948.0],87,234
1,0,2,0,180,169,285,[1003.5],87,250
1,0,2,0,166,149,251,[891.5],87,242
1,0,2,0,143,135,215,[775.5],87,149
1,0,2,0,164,151,247,[884.5],87,194
1,0,2,0,137,125,208,[740.5],87,164
1,0,2,0,171,165,285,[988.5],87,249
1,0,2,0,130,120,235,[780.0],87,182
1,0,2,0,121,138,215,[758.0],87,165
1,0,2,0,156,151,224,[830.5],87,131
1,0,2,0,149,140,232,[823.0],87,236
1,0,2,0,140,168,217,[826.0],87,150
1,0,2,0,138,132,210,[756.0],87,159
1,0,2,0,133,122,215,[746.0],87,148
1,0,2,0,136,136,224,[788.0],86,216
1,0,2,0,149,141,239,[838.5],87,209
1,0,2,0,123,139,231,[793.5],86,187
1,0,2,0,122,119,181,[662.5],87,117
1,0,2,0,133,146,240,[832.0],87,225
1,0,2,0,133,126,211,[744.0],87,142
1,0,2,0,146,153,245,[865.5],87,183
1,0,2,0,128,142,224,[789.0],87,186
1,0,2,0,169,146,264,[916.0],87,217
1,0,2,0,124,147,177,[698.5],87,149
1,0,2,0,147,138,240,[834.0],87,186
1,0,2,0,147,130,219,[780.0],87,204
1,0,2,0,152,148,209,[792.0],87,158
1,0,2,0,126,128,208,[734.0],87,106
1,0,2,0,144,146,218,[799.0],87,166
1,0,2,0,128,145,215,[775.5],87,178
1,0,2,0,130,157,240,[845.5],87,205
1,0,2,0,153,161,257,[908.5],87,234
1,0,2,0,145,131,208,[757.5],87,205
1,0,2,0,161,163,248,[901.5],87,233
1,0,2,0,154,154,240,[865.0],87,184
1,0,2,0,152,160,256,[904.0],87,250
1,0,2,0,162,150,258,[903.0],87,212
1,0,2,0,162,181,254,[941.5],87,150
1,0,2,0,130,145,219,[785.5],87,153
1,0,2,0,141,147,225,[811.5],87,207
1,0,2,0,137,145,203,[760.5],87,199
1,0,2,0,116,144,220,[772.0],87,215
1,0,2,0,152,128,248,[840.0],87,239
1,0,2,0,143,139,209,[769.5],87,208
1,0,2,0,143,145,258,[876.5],87,165
1,0,2,0,130,110,191,[677.0],87,213
1,0,2,0,139,130,230,[794.0],87,145
1,0,2,0,157,151,227,[837.5],86,110
1,0,2,0,153,143,214,[795.5],87,122
1,0,2,0,146,164,250,[892.0],87,217
1,0,2,0,142,154,227,[827.0],87,184
1,0,2,0,144,142,244,[845.0],87,154
1,0,2,0,145,121,224,[774.5],87,174
1,0,2,0,134,137,224,[787.5],87,204
1,0,2,0,158,138,254,[873.0],87,169
1,0,2,0,145,147,243,[851.5],87,135
1,0,2,0,120,141,213,[757.5],85,167
1,0,2,0,151,133,233,[816.5],87,167
1,0,2,0,166,157,254,[909.5],87,254
1,0,2,0,144,136,211,[770.0],87,216
1,0,2,0,178,170,293,[1019.0],91,287
1,0,2,0,155,168,260,[927.0],87,178
1,0,2,0,119,120,206,[711.0],87,169
1,0,2,0,147,138,231,[816.0],87,175
1,0,2,0,130,148,236,[824.0],87,181
1,0,2,0,170,172,263,[954.0],87,176
1,0,2,0,132,136,206,[748.0],87,184
1,0,2,0,103,125,200,[690.5],87,150
1,0,2,0,120,124,181,[668.0],86,166
1,0,2,0,139,143,228,[809.5],87,193
1,0,2,0,131,121,220,[752.5],87,136
1,0,2,0,143,147,245,[853.5],87,214
1,0,2,0,142,139,212,[774.5],87,163
1,0,2,0,159,165,260,[926.5],87,206
1,0,2,0,146,141,236,[829.5],87,154
1,0,2,0,159,147,259,[897.5],87,183
1,0,2,0,162,170,264,[945.0],87,241
1,0,2,0,149,161,257,[904.5],87,212
1,0,2,0,157,151,249,[881.5],86,196
1,0,2,0,152,154,226,[835.0],87,189
1,0,2,0,122,149,229,[803.5],87,208
1,0,2,0,157,145,243,[860.5],87,143
1,0,2,0,179,163,276,[975.5],88,193
1,0,2,0,151,145,225,[818.5],87,157
1,0,2,0,129,136,229,[791.0],87,126
1,0,2,0,159,168,239,[889.0],87,187
1,0,2,0,146,116,213,[746.0],87,204
1,0,2,0,159,157,255,[904.5],87,187
1,0,2,0,126,142,231,[801.0],87,211
1,0,2,0,126,124,214,[740.0],87,158
1,0,2,0,117,120,216,[729.0],87,156
1,0,2,0,132,132,221,[772.0],87,208
1,0,2,0,152,142,247,[859.0],87,230
1,0,2,0,143,150,239,[846.0],87,201
1,0,2,0,161,160,268,[937.0],87,161
1,0,2,0,158,158,270,[935.0],87,244
1,0,2,0,149,154,209,[798.0],87,186
1,0,2,0,155,145,203,[778.5],87,133
1,0,2,0,171,165,251,[920.5],87,215
1,0,2,0,160,157,251,[897.5],87,137
1,0,2,0,142,122,194,[713.0],87,178
1,0,2,0,140,139,235,[818.5],87,215
1,0,2,0,157,154,246,[880.0],87,177
1,0,2,0,162,156,248,[892.0],87,223
1,0,2,0,170,179,265,[968.5],86,202
1,0,2,0,153,149,243,[862.5],87,225
1,0,2,0,152,165,244,[887.5],86,234
1,0,2,1,149,154,278,[936.0],87,195
1,0,2,1,139,150,254,[872.0],87,150
1,0,2,1,161,168,246,[905.0],87,230
1,0,2,1,160,146,246,[871.0],87,170
1,0,2,1,157,128,214,[777.0],87,200
1,0,2,1,151,154,248,[878.0],87,225
1,0,2,1,135,131,203,[737.5],87,174
1,0,2,1,149,158,288,[962.0],87,193
1,0,2,1,170,160,256,[922.0],86,206
1,0,2,1,146,154,257,[891.0],87,189
1,0,2,1,118,123,189,[680.5],87,128
1,0,2,1,163,168,260,[935.0],87,213
1,0,2,1,173,172,283,[997.0],88,234
1,0,2,1,159,172,268,[953.0],87,199
1,0,2,1,129,140,195,[729.0],87,199
1,0,2,1,150,159,235,[858.5],87,204
1,0,2,1,154,161,270,[935.5],87,255
1,0,2,1,148,140,236,[830.0],87,176
1,0,2,1,162,176,287,[1000.0],87,228
1,0,2,1,149,164,225,[845.0],87,221
1,0,2,1,130,139,228,[794.5],87,226
1,0,2,1,146,150,223,[817.0],86,255
1,0,2,1,142,126,219,[769.0],87,151
1,0,2,1,128,124,205,[724.0],87,172
1,0,2,1,146,124,219,[770.0],86,186
1,0,2,1,142,155,250,[874.5],87,227
1,0,2,1,131,120,217,[745.0],87,144
1,0,2,1,131,134,212,[756.0],87,216
1,0,2,1,145,152,233,[839.0],87,191
1,0,2,1,162,170,232,[881.0],87,148
1,0,2,1,167,156,246,[893.0],86,230
1,0,2,1,137,118,234,[782.0],87,180
1,0,2,1,155,142,262,[892.0],87,231
1,0,2,1,137,153,235,[836.5],87,168
1,0,2,1,143,129,224,[784.5],87,152
1,0,2,1,145,157,226,[832.5],86,219
1,0,2,1,147,162,246,[882.0],86,190
1,0,2,1,136,121,209,[735.5],86,184
1,0,2,1,161,144,258,[893.0],87,205
1,0,2,1,140,160,236,[852.0],87,147
1,0,2,1,114,117,203,[695.5],87,167
1,0,2,1,131,161,250,[872.5],87,211
1,0,2,1,144,151,234,[838.5],87,192
1,0,2,1,175,149,273,[944.5],87,138
1,0,2,1,149,140,235,[829.0],87,156
1,0,2,1,154,163,234,[866.5],87,206
1,0,2,1,119,117,209,[712.5],87,159
1,0,2,1,179,177,269,[982.5],88,212
1,0,2,1,140,155,253,[878.5],87,225
1,0,2,1,138,138,227,[799.0],87,203
1,0,2,1,136,122,214,[747.0],86,174
1,0,2,1,151,159,211,[811.5],87,182
1,0,2,1,136,115,216,[740.5],87,139
1,0,2,1,128,125,209,[733.5],87,220
1,0,2,1,147,143,220,[801.5],87,202
1,0,2,1,111,135,219,[751.5],86,173
1,0,2,1,157,157,224,[840.5],87,173
1,0,2,1,164,145,234,[849.5],87,212
1,0,2,1,136,141,245,[837.5],87,230
1,0,2,1,124,116,192,[682.0],87,177
1,0,2,1,150,155,241,[864.5],87,264
1,0,2,1,148,132,240,[826.0],86,198
1,0,2,1,154,142,229,[825.0],87,332
1,0,2,1,149,135,209,[769.5],87,170
1,0,2,1,133,124,213,[745.0],87,174
1,0,2,1,176,159,263,[940.5],87,216
1,0,2,1,178,160,251,[920.0],87,207
1,0,2,1,148,119,216,[758.5],87,189
1,0,2,1,137,140,233,[813.0],87,182
1,0,2,1,130,151,234,[824.5],86,214
1,0,2,1,154,134,231,[817.0],87,135
1,0,2,1,147,158,226,[836.0],87,222
1,0,2,1,120,122,225,[753.0],87,197
1,0,2,1,163,163,296,[999.5],89,227
1,0,2,1,158,170,248,[909.0],87,214
1,0,2,1,166,147,238,[862.5],87,174
1,0,2,1,150,154,254,[889.0],87,244
1,0,2,1,120,116,196,[686.0],87,179
1,0,2,1,148,136,231,[814.0],87,175
1,0,2,1,140,132,203,[744.0],86,191
1,0,2,1,158,154,266,[921.0],87,230
1,0,2,1,109,101,185,[630.5],84,88
1,0,2,1,150,146,259,[887.0],86,161
1,0,2,1,173,158,262,[934.0],87,210
1,0,2,1,161,160,243,[887.0],86,231
1,0,2,1,163,165,270,[950.5],87,179
1,0,2,1,153,169,257,[920.5],87,216
1,0,2,1,125,125,228,[768.5],86,192
1,0,2,1,137,153,244,[854.5],87,200
1,0,2,1,140,110,225,[755.0],87,180
1,0,2,1,170,127,236,[832.5],87,217
1,0,2,1,142,170,233,[863.0],87,251
1,0,2,1,128,127,193,[704.5],87,113
1,0,2,1,144,157,207,[793.5],87,181
1,0,2,1,144,163,214,[816.5],87,147
1,0,2,1,161,152,233,[855.0],87,152
1,0,2,1,150,139,223,[804.5],87,215
1,0,2,1,151,141,233,[828.5],87,161
1,0,2,1,152,145,230,[829.5],87,232
1,0,2,1,86,85,152,[517.5],76,75
1,0,2,1,150,142,236,[835.0],86,181
1,0,2,1,133,137,214,[766.5],87,164
1,0,2,1,154,143,240,[848.5],86,248
1,0,2,1,149,162,244,[880.0],86,185
1,0,2,1,153,150,238,[854.0],85,219
1,0,2,1,126,131,228,[778.5],86,134
1,0,2,1,157,147,262,[901.5],86,203
1,0,2,1,160,151,262,[910.5],86,155
1,0,2,1,124,132,232,[786.0],86,191
1,0,2,1,162,154,268,[929.0],86,189
1,0,2,1,158,146,250,[877.0],85,208
1,0,2,1,132,135,217,[768.5],86,160
1,0,2,1,149,140,228,[815.0],86,144
1,0,2,1,156,147,246,[868.5],86,174
1,0,2,1,162,168,240,[894.0],86,270
1,0,2,1,115,133,207,[728.5],86,176
1,0,2,1,155,163,236,[871.5],86,236
1,0,2,1,141,120,188,[697.0],86,163
1,0,2,1,159,160,257,[913.0],86,181
1,0,2,1,118,120,183,[664.0],86,155
1,0,2,1,141,148,250,[863.0],86,169
1,0,2,1,117,110,174,[630.0],86,105
1,0,2,1,170,170,276,[977.0],86,220
1,0,2,1,154,152,239,[860.0],86,209
1,0,2,1,181,183,272,[999.5],89,264
1,0,2,1,148,135,202,[754.5],86,195
1,0,2,1,136,137,215,[771.5],86,204
1,0,2,1,131,138,237,[812.0],86,233
1,0,2,1,137,133,218,[772.5],86,188
1,0,2,1,149,144,242,[849.0],86,248
1,0,2,1,116,124,180,[662.0],86,135
1,0,2,1,147,128,238,[815.0],85,184
1,0,2,1,133,119,201,[713.5],86,174
1,0,2,1,145,141,228,[812.5],86,182
1,0,2,1,143,154,231,[836.0],86,223
1,0,2,1,136,160,222,[820.0],86,161
1,0,2,1,145,133,208,[760.5],85,162
1,0,2,1,136,150,216,[793.0],86,174
1,0,2,1,156,153,235,[855.5],86,179
1,0,2,1,119,136,215,[753.0],86,153
1,0,2,1,158,153,217,[821.5],86,163
1,0,2,1,156,146,240,[855.0],86,205
1,0,2,1,167,187,261,[969.5],86,202
1,0,2,1,147,128,237,[813.0],86,222
1,0,2,1,141,159,238,[855.5],85,184
1,0,2,1,134,151,218,[796.5],85,132
1,0,2,1,129,134,208,[746.0],85,202
1,0,2,1,149,151,225,[825.5],85,152
1,0,2,1,171,142,257,[898.0],85,174
1,0,2,1,131,115,199,[701.5],85,128
1,1,1,0,136,150,234,[288.5, 540.5],85,74
1,1,1,0,139,158,243,[269.5, 592.5],85,107
1,1,1,0,163,165,262,[299.5, 635.0],85,111
1,1,1,0,131,109,209,[221.0, 491.5],85,78
1,1,1,0,141,146,230,[281.5, 538.5],85,84
1,1,1,0,142,144,219,[261.0, 535.0],85,86
1,1,1,0,199,203,323,[356.5, 793.0],93,151
1,1,1,0,148,145,239,[259.5, 584.0],85,79
1,1,1,0,163,155,261,[278.5, 639.0],85,89
1,1,1,0,111,120,189,[229.5, 439.5],85,67
1,1,1,0,150,156,245,[309.0, 565.0],85,90
1,1,1,0,159,151,229,[282.0, 561.5],85,71
1,1,1,0,140,143,235,[276.5, 548.0],85,89
1,1,1,0,148,146,227,[246.5, 574.5],85,56
1,1,1,0,143,146,217,[265.0, 531.0],85,92
1,1,1,0,150,157,241,[275.0, 592.5],85,89
1,1,1,0,139,170,247,[263.5, 624.5],85,83
1,1,1,0,155,146,240,[287.5, 566.5],85,122
1,1,1,0,151,151,246,[282.0, 587.5],85,97
1,1,1,0,135,136,207,[272.5, 480.5],85,92
1,1,1,0,138,144,222,[277.5, 520.5],85,76
1,1,1,0,162,174,274,[329.0, 642.0],85,151
1,1,1,0,166,151,241,[302.5, 572.0],85,102
1,1,1,0,149,142,242,[290.5, 555.5],85,87
1,1,1,0,159,126,238,[308.0, 516.0],85,121
1,1,1,0,153,164,235,[319.5, 549.5],85,116
1,1,1,0,142,124,229,[239.0, 547.0],85,73
1,1,1,0,145,159,254,[332.0, 559.5],85,143
1,1,1,0,148,148,244,[294.0, 564.0],85,86
1,1,1,0,149,165,233,[324.5, 538.0],85,118
1,1,1,0,148,148,241,[305.5, 546.5],85,115
1,1,1,0,159,138,222,[303.5, 506.5],84,85
1,1,1,0,181,166,267,[322.0, 642.0],86,107
1,1,1,0,151,124,238,[267.5, 545.5],85,68
1,1,1,0,149,153,259,[277.0, 619.5],85,86
1,1,1,0,128,131,182,[218.0, 470.5],85,66
1,1,1,0,158,162,283,[331.5, 635.5],85,142
1,1,1,0,127,130,193,[243.0, 465.0],85,80
1,1,1,0,128,136,201,[236.5, 497.5],85,100
1,1,1,0,176,174,268,[350.0, 623.0],88,140
1,1,1,0,192,205,306,[343.5, 768.0],95,130
1,1,1,0,155,154,223,[287.5, 544.5],85,133
1,1,1,0,175,169,255,[335.5, 603.0],86,124
1,1,1,0,127,140,222,[253.5, 527.5],85,49
1,1,1,0,137,142,241,[305.0, 527.0],85,94
1,1,1,0,151,139,243,[263.0, 582.5],85,62
1,1,1,0,167,168,252,[293.5, 629.5],86,105
1,1,1,0,188,166,263,[314.0, 649.0],85,107
1,1,1,0,136,138,214,[280.0, 491.0],85,91
1,1,1,0,142,148,223,[302.5, 507.5],85,84
1,1,1,0,145,155,255,[284.5, 603.0],85,112
1,1,1,0,135,125,227,[255.5, 521.0],85,74
1,1,1,0,162,165,296,[358.0, 643.5],85,139
1,1,1,0,149,152,222,[254.5, 566.5],85,87
1,1,1,0,148,151,254,[281.0, 601.5],85,129
1,1,1,0,152,131,217,[253.0, 529.5],85,63
1,1,1,0,128,113,188,[227.5, 446.0],85,64
1,1,1,0,173,213,305,[379.5, 723.0],92,127
1,1,1,0,140,135,212,[262.0, 504.5],85,83
1,1,1,0,129,139,229,[276.5, 519.0],85,90
1,1,1,0,144,151,246,[289.5, 573.0],84,91
1,1,1,0,146,144,229,[265.5, 554.5],85,80
1,1,1,0,122,134,235,[267.0, 526.0],84,64
1,1,1,0,144,164,254,[295.0, 603.0],85,97
1,1,1,0,135,143,228,[280.5, 525.0],85,91
1,1,1,0,151,152,249,[292.5, 584.5],84,80
1,1,1,0,169,165,251,[317.0, 601.5],84,94
1,1,1,0,125,129,215,[243.0, 505.5],85,89
1,1,1,0,150,151,251,[274.5, 604.0],85,121
1,1,1,0,138,146,228,[254.5, 558.5],85,64
1,1,1,0,147,154,222,[264.5, 557.5],83,93
1,1,1,0,131,123,187,[222.0, 467.5],85,61
1,1,1,0,144,141,211,[254.0, 523.5],85,77
1,1,1,0,137,145,218,[287.0, 503.5],85,115
1,1,1,0,130,135,225,[272.0, 510.5],85,84
1,1,1,0,147,136,236,[257.5, 565.5],85,84
1,1,1,0,132,139,219,[267.0, 511.5],84,95
1,1,1,0,112,121,201,[252.5, 443.0],85,53
1,1,1,0,136,148,231,[280.5, 539.5],85,88
1,1,1,0,151,153,261,[304.5, 598.0],85,103
1,1,1,0,140,152,240,[287.0, 561.0],85,113
1,1,1,0,149,171,286,[328.5, 649.0],85,89
1,1,1,0,134,126,217,[238.5, 518.5],85,74
1,1,1,0,153,148,234,[274.5, 568.5],85,103
1,1,1,0,147,152,197,[245.0, 524.0],84,65
1,1,1,0,156,169,262,[312.0, 621.5],85,95
1,1,1,0,169,151,250,[298.0, 597.5],85,135
1,1,1,0,155,167,237,[303.0, 576.5],85,96
1,1,1,0,148,155,219,[283.0, 535.5],85,105
1,1,1,0,164,167,259,[338.5, 594.0],85,94
1,1,1,0,149,156,244,[313.5, 557.5],85,113
1,1,1,0,110,116,201,[233.0, 453.0],84,60
1,1,1,0,126,140,219,[274.5, 499.5],85,108
1,1,1,0,155,192,272,[322.5, 664.5],86,115
1,1,1,0,183,192,284,[290.0, 749.0],86,98
1,1,1,0,163,168,255,[306.0, 619.0],85,109
1,1,1,0,149,159,247,[284.0, 597.5],84,128
1,1,1,0,115,107,181,[203.5, 434.0],82,50
1,1,1,0,126,115,155,[208.5, 400.0],84,51
1,1,1,0,178,154,263,[309.5, 625.5],85,119
1,1,1,0,129,117,203,[231.5, 479.0],85,65
1,1,1,0,152,145,239,[268.0, 579.5],85,72
1,1,1,0,137,129,202,[256.5, 478.0],85,95
1,1,1,0,178,172,275,[334.5, 651.5],85,104
1,1,1,0,119,132,215,[283.5, 463.5],84,64
1,1,1,0,149,151,230,[308.0, 527.5],85,102
1,1,1,0,160,158,238,[298.0, 575.0],85,129
1,1,1,0,168,147,236,[284.0, 576.5],85,117
1,1,1,0,122,136,205,[240.0, 496.0],85,60
1,1,1,0,181,183,302,[330.5, 729.0],90,114
1,1,1,0,137,127,221,[258.5, 511.0],84,85
1,1,1,0,156,138,246,[307.5, 547.5],83,91
1,1,1,0,159,174,269,[348.5, 609.5],85,117
1,1,1,0,165,164,237,[268.5, 616.5],85,114
1,1,1,0,163,138,206,[292.5, 489.5],85,102
1,1,1,0,109,118,219,[238.0, 486.0],85,55
1,1,1,0,185,173,282,[342.5, 666.0],86,112
1,1,1,0,144,160,258,[318.5, 581.5],85,121
1,1,1,0,110,137,208,[248.0, 483.5],85,56
1,1,1,0,148,150,228,[318.5, 510.5],84,122
1,1,1,0,151,165,249,[313.0, 583.5],85,118
1,1,1,0,130,135,241,[281.5, 533.0],84,57
1,1,1,0,151,171,280,[344.5, 623.0],85,132
1,1,1,0,123,132,189,[251.5, 447.5],85,61
1,1,1,0,152,159,258,[311.0, 595.5],85,137
1,1,1,0,123,136,203,[249.0, 484.0],85,76
1,1,1,0,112,120,205,[238.0, 464.0],85,89
1,1,1,0,157,177,258,[291.0, 647.5],85,76
1,1,1,0,149,150,234,[257.5, 584.5],85,74
1,1,1,0,146,155,223,[279.5, 545.0],85,71
1,1,1,0,154,168,247,[328.0, 572.0],85,117
1,1,1,0,174,147,248,[290.0, 600.5],85,120
1,1,1,0,150,148,244,[288.0, 572.0],85,104
1,1,1,0,170,182,267,[305.5, 671.5],86,103
1,1,1,0,169,161,269,[349.5, 599.0],85,148
1,1,1,0,169,169,261,[355.5, 589.0],85,110
1,1,1,0,169,180,269,[320.5, 656.5],85,91
1,1,1,0,149,155,236,[297.5, 556.0],85,78
1,1,1,0,154,152,251,[291.5, 592.5],85,74
1,1,1,0,150,159,224,[294.5, 542.0],85,95
1,1,1,0,194,168,283,[363.0, 649.0],89,139
1,1,1,0,119,128,206,[224.5, 498.5],85,54
1,1,1,0,153,154,243,[332.0, 538.0],85,110
1,1,1,0,177,161,297,[339.0, 673.5],88,154
1,1,1,0,135,146,225,[269.5, 534.5],85,110
1,1,1,0,124,115,197,[209.0, 481.5],85,82
1,1,1,0,152,170,261,[311.5, 617.5],85,106
1,1,1,0,152,158,235,[321.0, 538.0],85,120
1,1,1,0,132,124,212,[239.0, 503.0],85,52
1,1,1,0,142,133,246,[300.0, 533.5],85,114
1,1,1,1,161,138,246,[293.5, 566.5],85,105
1,1,1,1,156,170,274,[344.0, 615.0],85,114
1,1,1,1,145,157,234,[300.5, 548.0],85,103
1,1,1,1,116,129,187,[232.0, 451.5],84,80
1,1,1,1,139,131,217,[283.0, 486.5],85,108
1,1,1,1,138,147,229,[260.0, 556.5],85,82
1,1,1,1,147,148,225,[252.0, 567.0],84,67
1,1,1,1,122,109,184,[217.5, 436.0],84,46
1,1,1,1,147,139,223,[247.0, 554.5],85,52
1,1,1,1,157,173,245,[307.0, 599.5],85,117
1,1,1,1,168,158,245,[300.0, 595.0],85,108
1,1,1,1,172,194,264,[333.5, 657.5],86,130
1,1,1,1,136,144,216,[268.0, 516.0],85,95
1,1,1,1,118,128,185,[222.0, 458.0],84,48
1,1,1,1,164,155,252,[300.0, 600.5],84,98
1,1,1,1,150,148,231,[292.5, 541.5],85,110
1,1,1,1,162,170,241,[307.0, 592.0],85,94
1,1,1,1,165,175,258,[363.0, 580.5],85,124
1,1,1,1,160,159,255,[307.0, 601.5],85,105
1,1,1,1,155,164,243,[292.0, 595.0],85,126
1,1,1,1,142,150,230,[272.0, 555.0],84,105
1,1,1,1,141,152,236,[306.0, 535.0],85,126
1,1,1,1,145,155,239,[280.0, 575.5],85,114
1,1,1,1,131,146,236,[251.5, 570.5],85,73
1,1,1,1,169,162,234,[329.0, 551.0],84,111
1,1,1,1,160,181,289,[334.0, 675.5],85,125
1,1,1,1,158,160,266,[317.5, 612.5],85,78
1,1,1,1,151,145,228,[270.0, 554.5],85,75
1,1,1,1,142,155,252,[295.5, 583.0],85,75
1,1,1,1,145,148,225,[261.0, 556.0],85,113
1,1,1,1,155,161,268,[358.0, 574.5],85,137
1,1,1,1,168,149,242,[287.0, 588.5],85,130
1,1,1,1,145,149,198,[238.5, 526.0],85,44
1,1,1,1,131,116,213,[224.5, 506.5],85,56
1,1,1,1,165,166,262,[305.0, 633.0],84,119
1,1,1,1,151,140,242,[289.5, 555.5],85,95
1,1,1,1,161,163,257,[335.0, 584.5],85,139
1,1,1,1,128,118,198,[216.5, 484.5],85,52
1,1,1,1,191,191,307,[369.0, 722.5],92,140
1,1,1,1,151,155,225,[294.5, 539.0],85,114
1,1,1,1,133,116,177,[219.0, 442.0],84,63
1,1,1,1,163,168,243,[328.0, 573.0],85,127
1,1,1,1,145,159,250,[268.5, 615.0],85,94
1,1,1,1,139,158,250,[268.5, 607.5],85,96
1,1,1,1,150,154,258,[303.0, 594.0],85,83
1,1,1,1,138,145,216,[267.0, 520.5],85,95
1,1,1,1,146,141,216,[257.0, 532.5],84,83
1,1,1,1,147,168,258,[295.0, 620.0],85,84
1,1,1,1,156,161,242,[293.5, 588.0],85,125
1,1,1,1,161,137,254,[312.5, 562.0],84,107
1,1,1,1,181,154,271,[305.5, 648.5],85,139
1,1,1,1,144,152,262,[297.5, 598.5],84,98
1,1,1,1,138,131,217,[275.0, 493.5],85,86
1,1,1,1,156,136,234,[284.5, 543.5],85,95
1,1,1,1,156,149,241,[255.0, 606.5],85,62
1,1,1,1,111,119,196,[238.0, 443.5],85,76
1,1,1,1,143,134,211,[250.5, 515.5],85,76
1,1,1,1,143,130,223,[202.5, 581.5],85,44
1,1,1,1,139,150,241,[278.5, 567.5],85,99
1,1,1,1,140,150,209,[234.0, 549.0],85,68
1,1,1,1,129,124,201,[231.0, 486.0],85,70
1,1,1,1,153,168,251,[303.5, 603.5],85,120
1,1,1,1,152,151,227,[296.5, 536.0],85,64
1,1,1,1,145,143,226,[252.5, 559.0],85,107
1,1,1,1,149,143,216,[278.0, 517.5],85,99
1,1,1,1,150,166,239,[295.5, 581.5],85,101
1,1,1,1,149,157,206,[277.5, 519.0],85,102
1,1,1,1,159,159,228,[296.0, 557.5],85,115
1,1,1,1,121,140,212,[214.5, 540.5],85,53
1,1,1,1,133,138,224,[289.0, 499.0],85,89
1,1,1,1,149,161,234,[297.5, 561.0],85,63
1,1,1,1,163,158,245,[303.0, 587.0],85,107
1,1,1,1,160,148,251,[296.0, 588.0],85,106
1,1,1,1,156,173,260,[322.5, 613.0],85,110
1,1,1,1,152,137,220,[260.0, 537.5],85,77
1,1,1,1,150,158,216,[283.0, 536.0],85,70
1,1,1,1,153,174,230,[295.5, 578.5],85,95
1,1,1,1,149,124,226,[254.5, 532.5],85,82
1,1,1,1,181,170,286,[401.0, 607.0],84,127
1,1,1,1,142,139,244,[283.5, 555.0],85,103
1,1,1,1,123,115,200,[230.5, 465.0],85,47
1,1,1,1,160,148,247,[267.5, 608.5],85,99
1,1,1,1,127,130,208,[264.0, 474.0],85,89
1,1,1,1,153,147,221,[302.0, 513.5],85,107
1,1,1,1,148,159,259,[309.5, 595.0],85,115
1,1,1,1,125,115,178,[210.0, 443.5],84,47
1,1,1,1,164,168,269,[324.0, 630.0],84,131
1,1,1,1,144,162,208,[230.0, 573.0],85,52
1,1,1,1,117,138,198,[254.5, 465.5],84,72
1,1,1,1,155,149,242,[307.0, 555.5],84,94
1,1,1,1,186,169,265,[330.0, 639.5],84,135
1,1,1,1,104,122,208,[250.0, 453.0],84,90
1,1,1,1,135,160,241,[273.0, 584.0],83,124
1,1,1,1,119,114,212,[251.5, 462.5],84,77
1,1,1,1,148,134,235,[249.5, 569.5],84,82
1,1,1,1,178,171,295,[341.5, 683.0],84,145
1,1,1,1,141,167,260,[324.5, 587.0],84,106
1,1,1,1,141,148,235,[282.5, 550.5],84,84
1,1,1,1,150,148,227,[254.0, 572.0],84,55
1,1,1,1,160,152,271,[274.5, 655.5],84,91
1,1,1,1,142,139,226,[265.5, 537.0],84,107
1,1,1,1,154,148,250,[295.5, 580.5],84,86
1,1,1,1,170,154,257,[318.5, 596.5],84,133
1,1,1,1,152,134,217,[288.5, 498.5],84,91
1,1,1,1,130,133,214,[239.0, 518.5],84,94
1,1,1,1,138,136,199,[246.5, 493.5],84,49
1,1,1,1,152,156,226,[280.5, 557.5],84,108
1,1,1,1,130,130,225,[285.5, 489.5],84,80
1,1,1,1,149,121,238,[280.0, 526.5],84,96
1,1,1,1,123,118,206,[256.5, 455.5],84,56
1,1,1,1,129,140,200,[253.5, 485.5],84,78
1,1,1,1,127,139,222,[244.5, 535.0],84,95
1,1,1,1,140,155,222,[258.5, 558.0],84,93
1,1,1,1,124,152,233,[263.0, 555.0],83,79
1,1,1,1,120,139,216,[270.0, 490.5],84,100
1,1,1,1,165,181,277,[333.5, 657.0],83,118
1,1,1,1,162,142,223,[298.0, 523.0],84,91
1,1,1,1,134,151,227,[276.5, 538.0],84,91
1,1,1,1,151,159,267,[296.5, 627.0],84,99
1,1,1,1,170,157,244,[294.5, 599.0],84,116
1,1,1,1,139,147,232,[273.5, 550.0],84,82
1,1,1,1,131,157,215,[283.0, 513.5],84,99
1,1,1,1,156,169,258,[312.0, 613.5],84,109
1,1,1,1,183,181,269,[344.0, 648.5],84,113
1,1,1,1,157,164,243,[287.5, 601.5],84,89
1,1,1,1,159,167,265,[284.5, 655.0],84,103
1,1,1,1,185,170,286,[328.0, 684.0],84,137
1,1,1,1,141,151,231,[268.0, 561.5],84,48
1,1,1,1,167,163,241,[309.0, 584.5],84,112
1,1,1,1,154,135,215,[263.0, 523.5],84,100
1,1,1,1,156,147,233,[267.5, 575.0],84,68
1,1,1,1,113,114,185,[215.5, 438.5],83,62
1,1,1,1,136,164,248,[301.0, 577.0],84,107
1,1,1,1,128,134,200,[248.5, 480.5],84,89
1,1,1,1,145,164,278,[345.5, 601.5],84,129
1,1,1,1,159,166,246,[305.5, 594.5],84,66
1,1,1,1,176,167,255,[334.5, 602.0],84,109
1,1,1,1,153,142,243,[309.0, 543.0],84,145
1,1,1,1,147,145,249,[272.0, 590.5],84,85
1,1,1,1,133,145,214,[245.5, 533.0],84,92
1,1,1,1,158,145,222,[287.5, 532.0],84,116
1,1,1,1,171,156,261,[325.5, 601.5],84,128
1,1,1,1,161,151,250,[313.0, 574.5],83,112
1,1,1,1,136,128,229,[240.5, 545.5],84,69
1,1,1,1,123,124,194,[236.0, 461.0],84,70
1,1,1,1,124,144,219,[264.5, 513.5],84,79
1,1,1,1,161,155,235,[279.5, 584.0],84,60
1,1,1,1,156,146,236,[305.0, 542.0],83,109
1,1,1,1,173,178,289,[329.0, 689.0],84,146
1,1,1,1,146,137,213,[264.0, 513.5],84,73
1,1,2,0,162,155,242,[317.5, 561.0],83,103
1,1,2,0,159,143,232,[287.5, 550.0],84,71
1,1,2,0,176,179,276,[364.0, 632.5],83,136
1,1,2,0,152,167,249,[302.5, 598.0],84,106
1,1,2,0,138,142,229,[293.0, 516.0],84,76
1,1,2,0,148,124,228,[279.5, 510.5],84,97
1,1,2,0,146,149,239,[306.5, 541.0],84,89
1,1,2,0,151,171,230,[313.5, 554.0],84,138
1,1,2,0,158,149,238,[301.0, 556.5],84,100
1,1,2,0,142,142,232,[264.5, 554.5],84,80
1,1,2,0,156,171,240,[292.5, 600.0],84,98
1,1,2,0,123,141,232,[271.5, 527.0],84,79
1,1,2,0,133,160,251,[287.5, 587.5],84,127
1,1,2,0,124,127,204,[237.0, 485.5],84,56
1,1,2,0,139,173,241,[275.0, 605.5],84,89
1,1,2,0,137,169,232,[272.0, 582.5],84,88
1,1,2,0,150,142,226,[306.0, 509.0],84,104
1,1,2,0,157,176,221,[291.5, 571.5],84,93
1,1,2,0,158,165,270,[323.5, 622.0],84,104
1,1,2,0,143,149,234,[282.5, 552.0],84,99
1,1,2,0,144,128,237,[279.0, 531.0],84,97
1,1,2,0,174,169,261,[319.0, 630.5],84,142
1,1,2,0,157,143,225,[261.5, 560.0],84,103
1,1,2,0,101,115,186,[222.0, 423.5],84,60
1,1,2,0,160,157,257,[302.5, 607.0],84,76
1,1,2,0,153,160,242,[304.0, 573.0],84,78
1,1,2,0,154,148,249,[283.0, 591.0],83,94
1,1,2,0,118,130,191,[220.5, 474.5],84,74
1,1,2,0,135,150,209,[287.0, 491.0],84,125
1,1,2,0,130,136,218,[275.5, 494.5],84,93
1,1,2,0,135,131,228,[261.5, 526.0],84,79
1,1,2,0,137,151,239,[275.5, 566.0],84,111
1,1,2,0,138,139,206,[255.0, 503.5],84,63
1,1,2,0,121,126,208,[226.0, 500.0],84,66
1,1,2,0,137,150,226,[293.0, 521.0],82,86
1,1,2,0,162,162,265,[272.5, 662.5],84,69
1,1,2,0,161,145,232,[320.5, 522.0],83,87
1,1,2,0,182,168,271,[332.5, 643.5],84,118
1,1,2,0,142,136,196,[317.0, 421.0],84,96
1,1,2,0,158,161,247,[307.5, 586.0],84,137
1,1,2,0,138,146,237,[250.5, 580.5],84,86
1,1,2,0,149,147,260,[298.0, 591.5],84,138
1,1,2,0,149,150,258,[314.0, 576.0],84,106
1,1,2,0,162,144,254,[307.5, 578.5],83,106
1,1,2,0,144,143,231,[303.0, 517.5],84,115
1,1,2,0,196,171,284,[347.5, 673.0],85,118
1,1,2,0,122,142,214,[276.0, 487.0],84,66
1,1,2,0,115,130,216,[246.0, 496.0],84,47
1,1,2,0,140,161,257,[307.5, 588.0],84,107
1,1,2,0,176,154,278,[345.0, 618.0],84,132
1,1,2,0,140,127,237,[286.0, 518.5],84,74
1,1,2,0,174,156,219,[292.0, 554.0],84,91
1,1,2,0,131,154,231,[301.5, 522.5],84,85
1,1,2,0,159,148,275,[313.5, 617.5],84,128
1,1,2,0,161,138,245,[314.0, 544.0],83,132
1,1,2,0,141,123,203,[237.0, 494.5],84,74
1,1,2,0,131,141,216,[285.5, 489.0],84,114
1,1,2,0,138,135,207,[266.5, 488.0],84,71
1,1,2,0,141,119,236,[239.0, 552.5],84,58
1,1,2,0,153,146,232,[287.0, 549.0],84,108
1,1,2,0,118,116,190,[226.5, 445.5],84,53
1,1,2,0,163,166,276,[321.5, 642.5],84,129
1,1,2,0,137,143,226,[271.5, 532.0],83,139
1,1,2,0,137,133,208,[258.5, 494.0],84,119
1,1,2,0,142,140,224,[228.0, 572.0],83,48
1,1,2,0,126,139,223,[252.5, 528.0],84,58
1,1,2,0,173,156,239,[292.0, 593.0],84,102
1,1,2,0,133,145,230,[259.5, 551.0],84,94
1,1,2,0,155,153,233,[290.0, 560.5],84,99
1,1,2,0,149,163,250,[308.5, 585.0],83,109
1,1,2,0,144,140,232,[287.0, 531.0],84,95
1,1,2,0,141,125,211,[240.5, 510.0],84,52
1,1,2,0,163,169,253,[308.5, 614.0],84,81
1,1,2,0,146,132,230,[281.0, 523.0],84,95
1,1,2,0,131,144,215,[278.5, 498.5],84,121
1,1,2,0,130,141,202,[249.5, 496.0],83,75
1,1,2,0,148,152,237,[277.0, 573.0],82,114
1,1,2,0,152,142,247,[285.0, 574.0],84,126
1,1,2,0,147,145,240,[274.0, 570.5],84,97
1,1,2,0,132,123,208,[236.0, 496.5],84,67
1,1,2,0,126,120,203,[233.0, 479.0],84,73
1,1,2,0,141,115,235,[292.0, 491.5],84,109
1,1,2,0,130,122,193,[200.5, 498.5],84,54
1,1,2,0,139,139,240,[281.5, 546.0],84,75
1,1,2,0,119,126,208,[243.0, 481.0],83,51
1,1,2,0,145,148,223,[294.5, 518.5],84,107
1,1,2,0,139,163,229,[277.0, 564.5],84,114
1,1,2,0,156,147,231,[272.0, 566.5],84,93
1,1,2,0,149,129,244,[273.0, 557.5],84,120
1,1,2,0,115,135,220,[268.5, 489.0],84,83
1,1,2,0,174,148,253,[291.0, 611.0],84,110
1,1,2,0,174,166,275,[332.0, 641.0],84,101
1,1,2,0,137,128,247,[308.0, 515.0],84,98
1,1,2,0,167,148,274,[323.5, 613.5],84,130
1,1,2,0,120,130,198,[245.5, 465.5],84,98
1,1,2,0,105,96,173,[208.5, 386.5],80,59
1,1,2,0,131,123,207,[224.0, 505.5],83,67
1,1,2,0,138,158,216,[253.0, 554.0],83,52
1,1,2,0,137,126,210,[208.0, 538.0],83,51
1,1,2,0,153,133,236,[253.0, 571.5],83,87
1,1,2,0,168,133,237,[298.5, 543.0],83,111
1,1,2,0,135,144,195,[250.0, 491.0],83,115
1,1,2,0,127,131,214,[257.0, 494.5],82,80
1,1,2,0,162,162,269,[285.0, 658.0],83,86
1,1,2,0,136,133,229,[247.5, 546.0],82,63
1,1,2,0,173,171,261,[345.0, 606.5],83,106
1,1,2,0,143,157,211,[240.0, 560.5],83,71
1,1,2,0,159,160,235,[312.0, 557.0],83,90
1,1,2,0,116,129,193,[241.5, 454.0],83,70
1,1,2,0,159,169,273,[336.0, 622.5],83,110
1,1,2,0,146,134,205,[236.5, 520.5],83,71
1,1,2,0,124,124,229,[241.0, 527.0],83,81
1,1,2,0,107,123,184,[227.5, 432.0],83,48
1,1,2,0,137,135,220,[265.0, 514.5],83,109
1,1,2,0,158,140,261,[309.0, 581.0],83,132
1,1,2,0,176,159,287,[365.0, 623.5],83,129
1,1,2,0,167,154,264,[322.0, 604.0],83,122
1,1,2,0,133,164,265,[309.0, 600.0],83,101
1,1,2,0,165,173,269,[314.5, 648.0],83,103
1,1,2,0,180,145,247,[301.5, 590.0],83,88
1,1,2,0,159,157,259,[312.0, 600.5],83,121
1,1,2,0,139,146,254,[296.0, 570.0],83,103
1,1,2,0,162,154,272,[342.5, 594.5],83,155
1,1,2,0,155,165,245,[296.5, 596.0],83,83
1,1,2,0,121,105,189,[229.5, 427.0],83,46
1,1,2,0,144,139,228,[274.0, 534.5],83,84
1,1,2,0,142,146,251,[317.0, 546.0],83,101
1,1,2,0,145,134,230,[271.0, 535.0],83,84
1,1,2,0,136,131,215,[222.0, 540.5],83,54
1,1,2,0,146,156,242,[318.0, 546.0],83,104
1,1,2,0,136,145,230,[307.0, 506.5],83,97
1,1,2,0,123,144,221,[260.0, 521.0],83,87
1,1,2,0,143,142,219,[258.0, 536.0],83,96
1,1,2,0,167,172,257,[325.5, 613.5],83,139
1,1,2,0,155,154,232,[278.0, 572.0],83,107
1,1,2,0,157,159,249,[327.0, 566.5],83,120
1,1,2,0,124,133,210,[257.5, 486.0],83,73
1,1,2,0,154,144,242,[271.5, 582.5],82,87
1,1,2,0,146,143,233,[275.5, 551.0],83,103
1,1,2,0,145,141,239,[306.0, 528.5],83,104
1,1,2,0,167,141,229,[280.5, 556.0],83,83
1,1,2,0,140,133,223,[299.5, 486.0],83,94
1,1,2,0,133,148,251,[308.0, 549.0],83,74
1,1,2,0,126,137,215,[246.0, 515.5],83,63
1,1,2,0,158,153,238,[277.5, 586.0],83,113
1,1,2,0,173,169,275,[357.5, 619.0],85,140
1,1,2,0,149,148,251,[257.5, 615.5],83,65
1,1,2,0,159,135,220,[254.0, 547.5],82,82
1,1,2,0,159,171,268,[311.0, 640.5],83,132
1,1,2,0,158,152,231,[283.5, 564.5],83,100
1,1,2,1,138,133,214,[251.0, 514.5],83,83
1,1,2,1,168,154,251,[261.5, 639.5],83,55
1,1,2,1,153,161,219,[284.5, 548.0],83,96
1,1,2,1,150,140,234,[281.0, 547.0],83,125
1,1,2,1,163,161,277,[328.0, 630.5],83,119
1,1,2,1,150,127,245,[272.0, 558.5],83,76
1,1,2,1,177,162,280,[325.0, 655.0],83,139
1,1,2,1,142,127,244,[265.5, 555.0],83,92
1,1,2,1,138,130,241,[289.0, 526.0],83,87
1,1,2,1,170,146,236,[300.5, 560.5],83,108
1,1,2,1,145,165,232,[307.0, 549.5],83,87
1,1,2,1,163,169,272,[306.0, 654.5],83,99
1,1,2,1,150,145,230,[259.5, 568.0],83,62
1,1,2,1,140,161,264,[323.5, 586.0],83,102
1,1,2,1,158,156,254,[311.5, 588.5],83,98
1,1,2,1,146,165,252,[301.5, 596.0],83,108
1,1,2,1,140,128,206,[242.0, 502.0],83,74
1,1,2,1,128,139,228,[235.5, 557.0],83,77
1,1,2,1,134,139,220,[275.5, 507.0],83,108
1,1,2,1,180,150,260,[317.5, 607.5],83,99
1,1,2,1,137,138,237,[226.5, 591.5],82,51
1,1,2,1,162,168,269,[346.0, 606.0],83,120
1,1,2,1,127,127,191,[242.5, 457.0],83,66
1,1,2,1,132,118,204,[253.0, 464.0],83,56
1,1,2,1,129,145,241,[251.5, 577.0],83,65
1,1,2,1,119,129,209,[234.0, 496.5],83,71
1,1,2,1,124,135,212,[269.5, 481.0],83,92
1,1,2,1,152,147,233,[274.5, 564.0],83,130
1,1,2,1,128,124,202,[248.5, 469.5],83,61
1,1,2,1,129,125,204,[243.0, 481.5],83,97
1,1,2,1,144,137,230,[273.5, 536.0],83,93
1,1,2,1,156,149,270,[321.5, 598.0],83,119
1,1,2,1,145,145,229,[297.0, 523.5],83,113
1,1,2,1,136,133,221,[263.0, 514.5],83,89
1,1,2,1,174,165,273,[336.0, 631.5],83,139
1,1,2,1,145,144,218,[249.0, 548.0],83,64
1,1,2,1,134,138,220,[285.5, 495.5],81,96
1,1,2,1,151,134,229,[270.0, 540.0],83,79
1,1,2,1,155,155,243,[286.5, 587.0],83,83
1,1,2,1,129,139,211,[246.0, 513.5],83,58
1,1,2,1,130,134,208,[250.0, 497.0],83,86
1,1,2,1,131,133,194,[241.5, 477.0],83,77
1,1,2,1,148,159,255,[285.5, 611.0],83,129
1,1,2,1,152,146,230,[271.5, 559.5],82,70
1,1,2,1,130,135,194,[240.0, 480.5],82,56
1,1,2,1,169,159,217,[275.0, 566.5],83,92
1,1,2,1,169,147,267,[297.0, 626.5],83,87
1,1,2,1,144,142,228,[264.0, 549.0],82,54
1,1,2,1,154,161,274,[315.5, 628.0],82,71
1,1,2,1,151,137,232,[259.5, 561.0],83,86
1,1,2,1,132,129,197,[238.0, 481.5],83,73
1,1,2,1,138,144,215,[277.5, 506.5],83,102
1,1,2,1,189,149,282,[272.5, 704.0],83,100
1,1,2,1,142,163,216,[261.5, 557.0],83,87
1,1,2,1,113,104,190,[208.5, 440.5],82,53
1,1,2,1,172,189,277,[342.0, 667.5],83,103
1,1,2,1,136,136,216,[273.0, 499.0],82,97
1,1,2,1,145,159,256,[314.0, 581.5],82,120
1,1,2,1,133,139,216,[264.0, 509.5],83,98
1,1,2,1,147,151,233,[270.0, 569.5],83,82
1,1,2,1,147,134,234,[292.5, 523.5],83,104
1,1,2,1,171,156,241,[301.0, 586.0],83,106
1,1,2,1,153,162,245,[277.0, 609.0],83,112
1,1,2,1,139,153,264,[280.5, 616.0],83,101
1,1,2,1,144,158,231,[300.0, 543.0],83,115
1,1,2,1,140,140,193,[254.5, 481.5],83,66
1,1,2,1,152,140,242,[295.0, 551.0],82,96
1,1,2,1,148,144,238,[265.0, 575.0],82,89
1,1,2,1,159,155,238,[281.0, 586.5],83,111
1,1,2,1,135,162,215,[289.5, 518.5],83,106
1,1,2,1,163,175,270,[301.0, 664.5],81,77
1,1,2,1,159,161,233,[285.0, 581.5],83,97
1,1,2,1,204,176,292,[337.5, 714.5],83,118
1,1,2,1,163,158,297,[308.5, 685.5],83,101
1,1,2,1,142,163,253,[293.0, 599.5],82,64
1,1,2,1,143,148,230,[281.5, 543.5],83,96
1,1,2,1,160,194,306,[377.0, 686.0],86,128
1,1,2,1,168,166,246,[291.0, 618.0],83,97
1,1,2,1,157,151,228,[258.0, 581.5],83,90
1,1,2,1,156,168,214,[256.5, 579.5],83,52
1,1,2,1,135,144,211,[272.5, 500.5],82,96
1,1,2,1,130,144,223,[277.0, 515.0],83,110
1,1,2,1,152,162,263,[280.0, 641.0],83,107
1,1,2,1,139,132,239,[259.0, 556.0],83,60
1,1,2,1,154,164,248,[295.0, 601.0],83,97
1,1,2,1,134,133,204,[273.0, 468.5],83,77
1,1,2,1,133,120,206,[260.5, 464.5],81,94
1,1,2,1,125,126,213,[262.5, 477.5],83,77
1,1,2,1,138,148,236,[310.5, 521.5],83,111
1,1,2,1,165,142,223,[284.0, 540.0],83,77
1,1,2,1,140,154,255,[302.5, 578.5],83,98
1,1,2,1,121,125,224,[251.5, 505.0],83,53
1,1,2,1,116,116,196,[247.0, 435.0],83,74
1,1,2,1,158,173,304,[313.0, 712.5],83,103
1,1,2,1,151,163,265,[303.5, 622.0],83,133
1,1,2,1,156,169,274,[313.0, 644.5],83,136
1,1,2,1,139,130,236,[281.5, 524.5],83,90
1,1,2,1,156,151,223,[259.0, 569.5],83,72
1,1,2,1,167,126,233,[300.5, 521.5],83,118
1,1,2,1,160,136,251,[309.5, 556.5],83,112
1,1,2,1,129,126,218,[265.5, 488.5],83,90
1,1,2,1,139,123,209,[234.0, 507.5],83,62
1,1,2,1,152,168,253,[316.5, 593.5],83,133
1,1,2,1,151,149,253,[295.0, 585.5],83,117
1,1,2,1,125,122,214,[234.0, 502.0],83,44
1,1,2,1,152,166,255,[264.5, 646.5],83,93
1,1,2,1,181,188,282,[332.0, 695.0],86,143
1,1,2,1,108,124,197,[230.5, 457.5],83,66
1,1,2,1,130,128,210,[255.5, 486.5],81,92
1,1,2,1,134,147,231,[291.0, 525.5],82,119
1,1,2,1,138,143,209,[254.5, 516.0],83,70
1,1,2,1,140,134,213,[237.5, 529.5],83,80
1,1,2,1,145,145,228,[251.0, 567.5],83,85
1,1,2,1,149,144,239,[275.5, 567.5],83,94
1,1,2,1,136,137,207,[275.0, 480.5],83,83
1,1,2,1,164,158,232,[288.5, 576.5],83,120
1,1,2,1,145,134,222,[263.0, 527.0],83,93
1,1,2,1,162,145,246,[281.5, 590.0],83,80
1,1,2,1,164,164,265,[300.0, 640.0],83,102
1,1,2,1,180,164,278,[339.5, 642.5],83,141
1,1,2,1,146,164,246,[282.5, 601.5],83,85
1,1,2,1,134,139,205,[262.5, 490.0],83,95
1,1,2,1,146,159,236,[295.0, 561.5],83,125
1,1,2,1,131,132,224,[263.0, 514.0],83,90
1,1,2,1,139,133,222,[275.0, 507.5],83,92
1,1,2,1,133,144,225,[271.0, 528.0],83,55
1,1,2,1,162,145,249,[279.0, 598.5],83,86
1,1,2,1,135,114,188,[222.0, 460.0],83,67
1,1,2,1,142,158,217,[260.5, 552.5],83,68
1,1,2,1,154,154,250,[314.5, 570.5],83,146
1,1,2,1,116,139,208,[250.0, 490.5],83,101
1,1,2,1,166,158,283,[309.0, 660.0],83,132
1,1,2,1,157,140,241,[273.5, 575.5],83,107
1,1,2,1,137,147,230,[250.0, 567.5],83,96
1,1,2,1,149,138,215,[256.0, 530.0],83,76
1,1,2,1,141,120,220,[272.0, 489.0],83,95
1,1,2,1,176,163,273,[302.0, 664.5],82,87
1,1,2,1,144,129,238,[252.5, 561.0],83,65
1,1,2,1,153,169,264,[332.0, 602.5],83,108
1,1,2,1,138,137,214,[252.5, 519.0],83,59
1,1,2,1,144,122,243,[262.5, 550.5],83,76
1,1,2,1,148,165,271,[300.5, 637.0],83,139
1,1,2,1,153,146,240,[290.5, 561.5],83,85
1,1,2,1,159,157,223,[247.0, 593.5],83,80
1,1,2,1,155,176,273,[331.5, 633.5],83,132
1,1,2,1,174,157,241,[310.0, 581.5],83,105
1,1,2,1,111,118,196,[239.0, 441.0],83,71
1,1,2,1,163,157,263,[328.5, 596.0],83,113
1,1,2,1,146,133,236,[280.0, 537.5],83,98
1,1,2,1,140,163,214,[265.0, 547.5],83,80
2,0,1,0,180,185,289,[487.5, 548.0],83,90
2,0,1,0,141,158,243,[411.5, 452.5],83,59
2,0,1,0,93,110,148,[272.0, 282.0],82,29
2,0,1,0,160,151,259,[428.5, 476.0],83,70
2,0,1,0,128,125,207,[395.5, 334.0],83,36
2,0,1,0,139,143,234,[429.0, 392.5],83,47
2,0,1,0,153,136,229,[414.0, 401.0],83,41
2,0,1,0,157,153,271,[464.0, 464.5],83,91
2,0,1,0,145,131,218,[376.0, 401.5],83,45
2,0,1,0,141,163,228,[369.0, 472.5],82,35
2,0,1,0,178,153,245,[407.0, 490.5],83,71
2,0,1,0,156,135,225,[414.5, 394.0],83,43
2,0,1,0,158,163,250,[500.5, 402.0],83,56
2,0,1,0,124,141,219,[408.0, 365.5],83,56
2,0,1,0,142,136,225,[413.5, 382.5],83,55
2,0,1,0,192,181,269,[526.0, 475.5],85,61
2,0,1,0,153,145,228,[368.0, 458.5],83,40
2,0,1,0,136,137,216,[421.0, 352.5],83,35
2,0,1,0,149,142,257,[440.5, 435.5],83,69
2,0,1,0,146,161,261,[444.0, 465.5],83,78
2,0,1,0,127,129,233,[354.0, 432.5],83,27
2,0,1,0,160,140,238,[414.5, 431.5],83,41
2,0,1,0,175,161,268,[466.0, 486.5],83,91
2,0,1,0,127,145,198,[374.0, 366.5],83,34
2,0,1,0,135,133,223,[377.0, 403.5],83,55
2,0,1,0,119,122,202,[331.5, 374.5],82,36
2,0,1,0,136,130,222,[359.0, 416.0],83,43
2,0,1,0,145,150,244,[450.5, 407.5],83,48
2,0,1,0,142,121,210,[364.5, 379.0],83,34
2,0,1,0,146,141,217,[416.5, 375.0],83,44
2,0,1,0,131,128,251,[416.5, 408.5],82,51
2,0,1,0,169,166,265,[468.5, 479.5],83,55
2,0,1,0,137,140,232,[445.5, 365.5],82,57
2,0,1,0,149,144,248,[463.0, 398.0],83,35
2,0,1,0,159,164,279,[504.0, 459.0],82,65
2,0,1,0,137,153,212,[404.5, 386.0],83,23
2,0,1,0,132,138,202,[392.5, 350.5],82,39
2,0,1,0,131,127,244,[407.0, 402.5],83,62
2,0,1,0,129,157,244,[453.0, 399.5],83,59
2,0,1,0,126,142,202,[357.5, 385.5],83,29
2,0,1,0,140,133,227,[396.5, 397.0],83,45
2,0,1,0,171,155,260,[459.5, 464.0],83,48
2,0,1,0,145,152,270,[478.0, 435.0],83,58
2,0,1,0,161,167,297,[520.0, 485.5],86,70
2,0,1,0,172,155,270,[439.5, 505.0],83,50
2,0,1,0,165,165,254,[482.0, 438.5],83,55
2,0,1,0,140,155,238,[417.0, 431.5],83,39
2,0,1,0,134,123,207,[379.0, 353.5],83,32
2,0,1,0,165,169,251,[495.0, 425.5],83,65
2,0,1,0,145,139,217,[411.0, 376.5],83,66
2,0,1,0,132,126,207,[391.0, 344.0],82,31
2,0,1,0,151,159,241,[432.5, 439.0],83,38
2,0,1,0,160,182,265,[480.5, 482.5],83,66
2,0,1,0,146,153,243,[360.5, 501.0],83,46
2,0,1,0,106,125,192,[366.5, 311.0],83,29
2,0,1,0,152,156,249,[469.5, 414.5],83,66
2,0,1,0,164,155,267,[461.0, 469.5],83,43
2,0,1,0,164,157,248,[467.5, 428.0],83,56
2,0,1,0,157,134,237,[408.0, 424.0],83,57
2,0,1,0,147,145,223,[413.5, 397.0],83,52
2,0,1,0,139,140,233,[378.0, 437.0],82,52
2,0,1,0,148,141,213,[365.0, 420.5],83,54
2,0,1,0,156,151,219,[432.5, 388.0],83,58
2,0,1,0,158,166,261,[495.5, 433.5],82,46
2,0,1,0,121,130,205,[331.5, 394.5],83,31
2,0,1,0,144,152,228,[421.0, 407.0],82,55
2,0,1,0,135,147,214,[427.0, 356.5],83,51
2,0,1,0,130,123,200,[377.0, 337.5],83,71
2,0,1,0,135,137,211,[326.5, 436.0],83,32
2,0,1,0,166,151,244,[412.5, 468.0],83,52
2,0,1,0,138,143,233,[397.5, 421.0],83,65
2,0,1,0,154,148,236,[454.0, 394.0],83,49
2,0,1,0,147,144,227,[433.5, 383.5],83,35
2,0,1,0,158,186,273,[492.0, 491.0],83,71
2,0,1,0,142,131,201,[324.5, 416.0],83,31
2,0,1,0,144,156,252,[436.0, 446.0],83,55
2,0,1,0,131,154,222,[390.0, 416.0],83,50
2,0,1,0,140,140,212,[398.5, 375.5],83,44
2,0,1,0,139,126,225,[375.5, 402.5],83,62
2,0,1,0,146,157,246,[407.0, 466.5],83,62
2,0,1,0,165,158,227,[450.0, 406.0],82,67
2,0,1,0,137,117,228,[363.5, 405.0],83,35
2,0,1,0,142,126,199,[368.5, 360.5],83,33
2,0,1,0,126,146,219,[391.0, 392.0],83,28
2,0,1,0,128,137,229,[398.5, 393.0],83,42
2,0,1,0,164,144,257,[442.0, 452.0],83,64
2,0,1,0,169,155,238,[436.0, 441.5],83,51
2,0,1,0,122,150,233,[460.5, 352.5],83,45
2,0,1,0,154,178,247,[412.0, 503.0],83,94
2,0,1,0,130,125,194,[373.5, 332.0],83,22
2,0,1,0,140,138,230,[405.0, 402.0],82,45
2,0,1,0,147,147,227,[456.5, 365.0],83,48
2,0,1,0,154,144,235,[408.0, 432.0],83,41
2,0,1,0,166,154,252,[407.0, 494.0],83,89
2,0,1,0,128,130,216,[351.0, 404.0],83,48
2,0,1,0,160,160,249,[401.0, 497.0],82,51
2,0,1,0,168,164,255,[446.0, 478.0],83,65
2,0,1,0,171,172,237,[455.0, 448.0],83,59
2,0,1,0,148,146,224,[368.5, 446.5],83,52
2,0,1,0,162,173,268,[431.0, 526.5],83,65
2,0,1,0,164,170,273,[528.5, 436.5],82,43
2,0,1,0,130,123,245,[373.0, 431.5],83,71
2,0,1,0,156,152,246,[417.5, 458.5],83,68
2,0,1,0,179,157,265,[409.5, 535.0],83,81
2,0,1,0,142,138,219,[421.5, 365.5],83,43
2,0,1,0,153,146,223,[414.5, 403.5],83,38
2,0,1,0,179,157,254,[452.0, 470.5],83,51
2,0,1,0,127,140,226,[376.5, 412.5],83,73
2,0,1,0,156,153,267,[439.0, 480.5],83,74
2,0,1,0,173,181,285,[490.0, 524.5],84,62
2,0,1,0,169,186,295,[512.0, 526.0],85,87
2,0,1,0,178,175,249,[455.5, 477.0],82,47
2,0,1,0,137,150,235,[446.5, 385.5],83,48
2,0,1,0,142,163,230,[418.5, 428.0],83,58
2,0,1,0,139,136,223,[430.5, 358.5],83,41
2,0,1,0,138,144,231,[430.5, 385.5],83,40
2,0,1,0,145,129,215,[411.5, 357.0],83,39
2,0,1,0,168,157,260,[510.5, 413.0],83,57
2,0,1,0,162,157,260,[442.0, 475.5],83,60
2,0,1,0,161,153,224,[443.0, 395.5],83,47
2,0,1,0,128,133,199,[397.5, 328.0],83,34
2,0,1,0,148,160,267,[403.5, 518.5],82,66
2,0,1,0,175,173,266,[514.0, 452.5],83,92
2,0,1,0,122,144,228,[409.5, 384.5],83,44
2,0,1,0,160,158,236,[470.0, 399.0],83,46
2,0,1,0,178,190,289,[500.5, 540.5],83,67
2,0,1,0,140,140,206,[391.5, 370.5],83,43
2,0,1,0,128,152,226,[415.5, 392.5],83,28
2,0,1,0,121,116,206,[379.0, 328.0],83,46
2,0,1,0,162,163,259,[439.5, 485.0],83,34
2,0,1,0,135,142,219,[390.5, 395.5],83,56
2,0,1,0,157,169,273,[506.5, 450.0],83,62
2,0,1,0,166,157,243,[452.0, 435.5],83,55
2,0,1,0,152,128,241,[398.0, 428.0],83,46
2,0,1,0,152,161,245,[430.0, 453.5],83,76
2,0,1,0,171,146,241,[435.5, 436.5],83,51
2,0,1,0,114,128,210,[374.5, 351.5],82,34
2,0,1,0,135,132,235,[393.5, 409.5],83,48
2,0,1,0,151,148,225,[442.0, 381.0],83,46
2,0,1,0,171,177,273,[438.0, 544.5],83,71
2,0,1,0,161,159,249,[469.5, 428.0],83,68
2,0,1,0,149,145,254,[434.5, 440.0],83,52
2,0,1,0,131,157,222,[365.5, 445.0],83,36
2,0,1,0,166,143,238,[406.0, 450.5],83,61
2,0,1,0,138,162,244,[412.0, 457.0],83,51
2,0,1,0,173,155,260,[391.0, 534.5],83,82
2,0,1,0,138,145,259,[424.5, 449.0],83,41
2,0,1,0,137,134,206,[357.5, 392.5],83,35
2,0,1,0,151,164,238,[441.0, 432.0],82,65
2,0,1,0,131,126,243,[394.5, 411.5],83,66
2,0,1,1,121,132,184,[354.5, 332.5],83,31
2,0,1,1,141,138,225,[387.0, 411.0],83,46
2,0,1,1,141,145,214,[404.5, 382.0],83,44
2,0,1,1,155,152,248,[459.5, 419.5],83,55
2,0,1,1,117,125,199,[344.5, 358.0],83,49
2,0,1,1,104,103,170,[299.5, 299.0],81,38
2,0,1,1,155,151,237,[505.0, 350.5],83,50
2,0,1,1,159,156,241,[409.5, 465.5],82,46
2,0,1,1,154,163,256,[431.5, 479.0],83,43
2,0,1,1,166,144,237,[442.5, 413.5],82,67
2,0,1,1,182,176,273,[485.0, 507.0],84,77
2,0,1,1,130,125,212,[382.5, 359.0],83,31
2,0,1,1,157,164,228,[423.0, 436.0],83,62
2,0,1,1,180,145,281,[499.5, 460.0],83,73
2,0,1,1,129,127,214,[318.5, 429.0],83,43
2,0,1,1,164,164,268,[506.5, 439.5],83,70
2,0,1,1,178,164,252,[481.0, 447.0],83,80
2,0,1,1,134,133,244,[429.5, 392.0],83,68
2,0,1,1,130,136,204,[387.5, 354.5],82,36
2,0,1,1,148,143,229,[392.0, 428.5],83,37
2,0,1,1,126,129,223,[370.0, 395.5],83,47
2,0,1,1,108,109,188,[271.5, 376.0],83,16
2,0,1,1,148,157,221,[441.0, 384.5],83,27
2,0,1,1,143,150,226,[374.5, 445.5],83,46
2,0,1,1,130,132,212,[405.5, 346.5],83,37
2,0,1,1,121,128,200,[349.5, 363.5],83,23
2,0,1,1,188,179,260,[476.5, 500.0],83,63
2,0,1,1,158,170,262,[461.0, 476.0],83,91
2,0,1,1,154,154,239,[436.0, 427.0],83,43
2,0,1,1,169,159,282,[456.5, 515.0],83,69
2,0,1,1,183,149,275,[448.0, 508.5],83,66
2,0,1,1,129,141,211,[375.0, 387.5],82,48
2,0,1,1,152,145,247,[452.5, 411.0],83,45
2,0,1,1,139,133,223,[384.0, 400.5],83,63
2,0,1,1,153,150,263,[464.0, 440.0],83,77
2,0,1,1,180,151,242,[455.0, 435.5],82,70
2,0,1,1,123,141,197,[372.0, 356.5],83,30
2,0,1,1,135,164,226,[425.5, 407.5],83,46
2,0,1,1,106,132,206,[383.5, 332.5],83,41
2,0,1,1,138,141,235,[409.0, 410.5],83,49
2,0,1,1,153,151,233,[386.0, 459.5],83,57
2,0,1,1,144,134,244,[444.5, 388.5],83,42
2,0,1,1,142,156,247,[485.5, 384.5],83,43
2,0,1,1,137,144,242,[421.5, 415.5],83,64
2,0,1,1,142,151,236,[382.0, 458.5],83,37
2,0,1,1,175,175,281,[544.0, 455.5],83,65
2,0,1,1,127,130,203,[370.5, 357.5],83,35
2,0,1,1,134,143,251,[435.5, 415.0],83,74
2,0,1,1,143,137,196,[375.5, 365.0],83,49
2,0,1,1,154,157,265,[433.0, 486.5],83,87
2,0,1,1,150,156,253,[450.5, 439.5],83,53
2,0,1,1,145,148,232,[384.5, 446.5],83,44
2,0,1,1,121,127,190,[354.5, 337.0],83,32
2,0,1,1,139,139,238,[397.5, 426.0],83,53
2,0,1,1,168,151,225,[416.5, 428.0],83,64
2,0,1,1,163,146,255,[423.5, 468.5],83,92
2,0,1,1,147,150,232,[376.5, 459.5],83,50
2,0,1,1,159,146,246,[432.5, 437.5],83,61
2,0,1,1,120,127,213,[381.0, 355.5],83,42
2,0,1,1,154,143,251,[421.5, 449.0],83,46
2,0,1,1,161,165,265,[483.5, 455.0],83,98
2,0,1,1,172,152,268,[492.0, 444.0],83,45
2,0,1,1,143,120,227,[382.0, 395.0],83,31
2,0,1,1,142,150,261,[438.5, 450.5],83,61
2,0,1,1,160,175,257,[450.5, 486.0],83,67
2,0,1,1,135,129,229,[399.5, 387.0],82,44
2,0,1,1,144,142,219,[408.0, 387.0],83,47
2,0,1,1,168,154,281,[475.5, 485.5],83,64
2,0,1,1,150,142,234,[446.5, 384.5],83,41
2,0,1,1,154,153,232,[414.5, 433.0],83,72
2,0,1,1,132,139,222,[359.0, 425.5],82,41
2,0,1,1,169,155,243,[421.0, 466.5],83,78
2,0,1,1,121,112,219,[403.5, 323.5],83,36
2,0,1,1,153,176,269,[499.0, 456.0],82,80
2,0,1,1,145,135,221,[417.0, 372.5],83,34
2,0,1,1,161,139,228,[399.5, 426.0],83,53
2,0,1,1,159,182,278,[569.0, 419.0],83,57
2,0,1,1,129,134,229,[417.0, 371.0],83,32
2,0,1,1,148,178,248,[418.5, 492.5],83,56
2,0,1,1,124,115,204,[332.0, 372.5],83,37
2,0,1,1,169,172,253,[518.0, 415.0],82,56
2,0,1,1,174,141,241,[455.5, 412.0],83,92
2,0,1,1,152,140,201,[359.0, 405.0],83,33
2,0,1,1,138,168,255,[451.5, 448.5],83,71
2,0,1,1,146,144,263,[400.5, 487.5],82,64
2,0,1,1,142,160,228,[407.0, 431.0],83,56
2,0,1,1,139,108,208,[345.5, 371.5],83,34
2,0,1,1,139,135,222,[434.5, 351.0],83,70
2,0,1,1,151,154,234,[382.5, 467.5],83,34
2,0,1,1,132,150,217,[386.5, 404.5],83,64
2,0,1,1,152,162,233,[431.5, 429.5],83,56
2,0,1,1,149,163,242,[442.0, 435.5],83,38
2,0,1,1,156,168,259,[475.0, 451.0],83,44
2,0,1,1,142,129,231,[378.5, 419.0],83,67
2,0,1,1,125,123,189,[384.0, 303.5],83,27
2,0,1,1,138,138,237,[428.0, 391.0],83,41
2,0,1,1,132,131,218,[354.0, 410.5],83,43
2,0,1,1,145,170,245,[445.5, 444.5],83,45
2,0,1,1,135,116,212,[402.0, 331.0],83,38
2,0,1,1,175,161,251,[490.0, 428.5],83,69
2,0,1,1,146,136,240,[450.5, 379.5],83,61
2,0,1,1,157,146,248,[447.5, 424.5],83,60
2,0,1,1,137,151,229,[412.5, 409.0],83,66
2,0,1,1,173,151,261,[429.5, 492.0],83,57
2,0,1,1,124,149,237,[432.0, 389.5],83,58
2,0,1,1,168,144,229,[413.5, 428.5],82,35
2,0,1,1,146,137,226,[389.5, 414.0],83,49
2,0,1,1,145,147,230,[428.5, 397.0],82,33
2,0,1,1,154,145,244,[398.5, 461.0],83,52
2,0,1,1,117,126,192,[348.0, 342.0],82,40
2,0,1,1,180,180,286,[467.0, 555.0],83,73
2,0,1,1,103,100,176,[293.0, 312.0],82,21
2,0,1,1,153,136,200,[352.5, 404.5],83,36
2,0,1,1,151,132,226,[388.5, 412.5],83,38
2,0,1,1,149,143,242,[465.0, 382.5],83,44
2,0,1,1,158,156,254,[493.5, 406.5],83,45
2,0,1,1,123,134,209,[383.0, 359.0],83,42
2,0,1,1,153,167,262,[459.5, 468.0],83,43
2,0,1,1,145,130,226,[389.0, 403.0],83,40
2,0,1,1,134,158,219,[388.5, 420.5],83,34
2,0,1,1,129,147,222,[386.0, 407.5],83,49
2,0,1,1,166,163,256,[452.0, 470.5],83,48
2,0,1,1,149,150,268,[426.0, 484.0],83,75
2,0,1,1,124,140,225,[376.5, 407.5],83,69
2,0,1,1,147,146,244,[429.5, 424.5],83,57
2,0,1,1,158,170,271,[440.0, 515.0],83,89
2,0,1,1,138,133,251,[417.0, 422.5],83,36
2,0,1,1,160,155,245,[440.5, 442.0],83,37
2,0,1,1,131,139,233,[379.5, 426.0],83,43
2,0,1,1,169,151,237,[422.5, 447.0],83,52
2,0,1,1,145,140,246,[444.5, 402.5],83,49
2,0,1,1,135,130,228,[396.0, 390.0],83,59
2,0,1,1,152,162,242,[459.5, 419.5],83,54
2,0,1,1,124,123,214,[375.0, 361.5],83,47
2,0,1,1,127,131,203,[358.0, 371.5],82,25
2,0,1,1,163,171,275,[448.5, 521.0],83,63
2,0,1,1,150,153,214,[404.0, 403.5],83,48
2,0,1,1,160,149,255,[409.5, 484.0],83,54
2,0,1,1,159,187,301,[503.0, 538.5],84,74
2,0,1,1,164,178,265,[491.0, 470.0],83,58
2,0,1,1,143,133,219,[393.5, 387.0],82,50
2,0,1,1,169,156,270,[456.0, 487.0],83,43
2,0,1,1,122,100,192,[337.0, 319.0],83,41
2,0,1,1,150,141,233,[389.5, 438.0],83,47
2,0,1,1,142,141,230,[388.0, 425.5],82,45
2,0,1,1,159,157,256,[446.5, 460.0],83,49
2,0,1,1,135,129,212,[375.0, 377.5],83,47
2,0,1,1,127,129,193,[316.5, 390.0],83,37
2,0,1,1,138,145,218,[424.5, 367.0],83,31
2,0,1,1,140,159,227,[412.0, 420.5],83,66
2,0,2,0,148,162,240,[419.0, 452.0],83,35
2,0,2,0,160,158,250,[430.0, 467.0],83,78
2,0,2,0,168,144,248,[463.5, 416.5],83,54
2,0,2,0,154,143,229,[398.0, 428.5],83,59
2,0,2,0,133,139,223,[378.5, 409.0],83,39
2,0,2,0,173,174,283,[488.0, 512.0],83,70
2,0,2,0,142,129,226,[402.0, 385.5],83,75
2,0,2,0,143,131,204,[371.5, 376.0],83,40
2,0,2,0,189,171,268,[465.0, 516.5],83,75
2,0,2,0,181,172,278,[559.0, 436.0],83,64
2,0,2,0,162,192,246,[488.0, 454.0],83,67
2,0,2,0,150,150,250,[423.5, 451.5],83,78
2,0,2,0,125,150,225,[386.0, 414.0],83,41
2,0,2,0,154,144,247,[426.5, 437.5],83,37
2,0,2,0,149,144,225,[419.5, 395.5],83,40
2,0,2,0,150,145,220,[427.5, 380.0],83,52
2,0,2,0,154,151,243,[406.5, 460.0],83,63
2,0,2,0,141,142,214,[365.5, 416.5],83,42
2,0,2,0,141,154,256,[458.5, 425.5],82,43
2,0,2,0,152,161,252,[456.0, 441.5],83,54
2,0,2,0,160,173,286,[467.5, 524.0],83,90
2,0,2,0,164,155,257,[425.5, 485.0],83,68
2,0,2,0,171,163,246,[472.0, 435.5],83,71
2,0,2,0,128,141,236,[383.0, 428.5],83,41
2,0,2,0,167,170,239,[478.5, 421.5],83,81
2,0,2,0,141,155,222,[428.0, 389.5],83,39
2,0,2,0,140,136,228,[418.5, 381.5],83,52
2,0,2,0,147,149,227,[398.5, 426.0],83,52
2,0,2,0,119,111,201,[359.0, 328.5],83,33
2,0,2,0,149,157,250,[437.0, 447.5],83,73
2,0,2,0,134,115,202,[357.5, 353.0],83,32
2,0,2,0,179,159,260,[491.5, 446.0],82,51
2,0,2,0,135,146,239,[427.0, 405.0],83,48
2,0,2,0,155,145,248,[430.5, 438.0],83,62
2,0,2,0,142,152,245,[426.0, 434.0],82,58
2,0,2,0,156,167,262,[478.0, 452.5],83,57
2,0,2,0,156,140,211,[417.5, 370.5],83,42
2,0,2,0,142,147,248,[432.5, 426.0],83,49
2,0,2,0,141,152,251,[465.0, 406.0],83,42
2,0,2,0,138,137,225,[380.0, 413.5],83,40
2,0,2,0,143,142,228,[422.5, 389.5],83,47
2,0,2,0,143,144,239,[387.0, 450.0],83,44
2,0,2,0,155,150,254,[453.5, 434.5],81,77
2,0,2,0,161,161,248,[430.0, 468.5],83,47
2,0,2,0,121,137,207,[357.0, 383.5],83,32
2,0,2,0,138,140,219,[378.0, 408.0],83,33
2,0,2,0,141,138,201,[403.5, 346.5],83,36
2,0,2,0,144,150,230,[409.0, 420.0],82,58
2,0,2,0,142,139,238,[432.5, 394.0],83,49
2,0,2,0,129,122,196,[305.0, 399.0],83,25
2,0,2,0,153,146,279,[451.0, 479.0],83,66
2,0,2,0,153,165,283,[490.0, 476.5],83,92
2,0,2,0,139,166,254,[423.5, 472.5],82,71
2,0,2,0,133,139,229,[419.5, 380.0],83,40
2,0,2,0,137,142,216,[364.5, 417.5],83,38
2,0,2,0,198,194,291,[542.0, 529.0],87,84
2,0,2,0,178,176,261,[505.5, 458.5],82,75
2,0,2,0,130,141,217,[378.0, 397.5],83,35
2,0,2,0,146,132,222,[434.0, 354.0],83,66
2,0,2,0,144,159,253,[463.5, 425.0],82,51
2,0,2,0,144,164,246,[432.5, 449.5],83,53
2,0,2,0,152,151,244,[436.0, 430.5],82,48
2,0,2,0,154,165,248,[425.0, 472.5],83,60
2,0,2,0,125,150,215,[378.5, 401.5],83,37
2,0,2,0,146,135,228,[434.5, 370.0],83,44
2,0,2,0,149,137,229,[393.0, 419.5],83,36
2,0,2,0,166,155,249,[440.5, 456.0],83,51
2,0,2,0,133,153,223,[459.0, 349.5],83,50
2,0,2,0,138,149,241,[389.5, 454.0],83,54
2,0,2,0,134,115,194,[344.5, 350.0],83,25
2,0,2,0,160,149,280,[483.0, 460.5],83,78
2,0,2,0,128,109,216,[372.5, 351.0],83,38
2,0,2,0,127,122,210,[383.5, 346.5],83,31
2,0,2,0,136,137,209,[378.5, 381.0],82,40
2,0,2,0,144,143,228,[409.5, 405.0],83,45
2,0,2,0,145,142,255,[413.5, 454.5],83,54
2,0,2,0,151,164,229,[378.0, 477.0],83,72
2,0,2,0,163,167,268,[461.5, 488.0],83,88
2,0,2,0,149,149,232,[428.5, 408.0],83,49
2,0,2,0,141,156,234,[442.0, 401.0],83,49
2,0,2,0,174,165,245,[467.0, 444.5],83,83
2,0,2,0,149,127,244,[394.0, 433.5],83,58
2,0,2,0,129,137,206,[364.0, 382.5],83,33
2,0,2,0,193,160,268,[440.5, 528.5],82,64
2,0,2,0,140,129,235,[394.0, 409.5],83,83
2,0,2,0,147,130,236,[392.5, 421.5],83,45
2,0,2,0,150,139,221,[385.0, 415.5],83,46
2,0,2,0,129,112,221,[342.5, 396.5],83,27
2,0,2,0,145,129,236,[430.0, 380.5],83,74
2,0,2,0,111,133,217,[338.5, 406.0],83,40
2,0,2,0,119,125,211,[359.0, 369.5],83,47
2,0,2,0,128,130,234,[375.0, 416.0],83,28
2,0,2,0,160,149,271,[472.5, 453.0],82,70
2,0,2,0,151,156,230,[450.0, 395.0],83,41
2,0,2,0,149,143,243,[444.0, 405.5],82,44
2,0,2,0,156,134,227,[414.5, 396.5],83,41
2,0,2,0,140,127,222,[376.0, 398.5],83,60
2,0,2,0,116,106,192,[312.0, 347.0],83,23
2,0,2,0,155,167,260,[473.0, 452.5],83,42
2,0,2,0,129,118,208,[327.5, 394.5],83,23
2,0,2,0,122,150,238,[403.5, 419.5],82,65
2,0,2,0,144,154,247,[432.0, 437.0],83,68
2,0,2,0,101,121,189,[334.0, 326.5],83,46
2,0,2,0,126,138,200,[395.0, 338.0],83,46
2,0,2,0,122,117,212,[352.5, 369.0],83,38
2,0,2,0,155,159,220,[414.0, 419.5],83,39
2,0,2,0,128,122,214,[319.0, 420.0],83,28
2,0,2,0,152,168,247,[433.0, 465.0],83,60
2,0,2,0,153,145,229,[392.5, 436.0],83,57
2,0,2,0,152,154,243,[422.0, 447.0],83,77
2,0,2,0,158,173,268,[468.0, 485.5],83,93
2,0,2,0,147,146,220,[382.0, 424.0],83,52
2,0,2,0,135,146,219,[395.0, 397.0],83,41
2,0,2,0,113,115,192,[342.5, 327.0],83,32
2,0,2,0,160,152,251,[456.0, 434.0],83,66
2,0,2,0,136,152,259,[438.0, 444.0],83,60
2,0,2,0,169,157,250,[466.0, 438.5],83,49
2,0,2,0,144,149,248,[427.0, 436.5],83,31
2,0,2,0,149,166,287,[451.0, 521.0],83,83
2,0,2,0,157,159,242,[448.5, 431.0],83,66
2,0,2,0,153,135,255,[416.0, 449.5],83,63
2,0,2,0,150,153,271,[444.5, 477.0],83,31
2,0,2,0,153,137,232,[437.0, 385.5],83,42
2,0,2,0,158,157,237,[448.0, 419.5],82,69
2,0,2,0,143,132,228,[371.5, 425.5],83,30
2,0,2,0,161,194,271,[453.0, 541.0],83,82
2,0,2,0,166,163,243,[393.5, 503.0],83,47
2,0,2,0,136,133,239,[436.0, 377.5],82,66
2,0,2,0,159,167,295,[553.5, 446.0],83,65
2,0,2,0,150,147,234,[434.5, 404.0],83,65
2,0,2,0,119,150,210,[376.5, 387.5],83,43
2,0,2,0,140,149,259,[459.0, 422.5],83,88
2,0,2,0,152,132,225,[441.0, 359.0],83,38
2,0,2,0,146,152,268,[420.5, 489.5],83,41
2,0,2,0,170,153,259,[437.5, 480.0],83,50
2,0,2,0,174,169,267,[517.0, 444.5],83,55
2,0,2,0,149,161,218,[423.0, 403.5],83,51
2,0,2,0,159,141,255,[426.0, 454.5],83,34
2,0,2,0,145,176,225,[436.5, 422.5],83,37
2,0,2,0,144,138,246,[369.5, 473.5],83,62
2,0,2,0,132,157,228,[419.0, 404.5],83,65
2,0,2,0,129,126,214,[385.5, 360.5],83,30
2,0,2,0,155,150,240,[416.5, 443.5],83,43
2,0,2,0,155,170,255,[490.5, 429.5],83,58
2,0,2,0,157,152,260,[444.0, 461.0],83,60
2,0,2,0,161,161,231,[391.5, 473.0],83,53
2,0,2,0,147,147,211,[385.5, 404.0],83,34
2,0,2,0,145,149,220,[443.5, 365.0],83,36
2,0,2,0,132,113,225,[348.5, 403.0],82,42
2,0,2,0,145,162,242,[435.5, 436.5],83,51
2,0,2,1,149,137,247,[444.0, 404.5],83,59
2,0,2,1,151,147,254,[453.5, 426.0],83,36
2,0,2,1,155,136,224,[420.5, 386.5],83,61
2,0,2,1,142,153,244,[435.5, 424.0],83,41
2,0,2,1,148,133,240,[460.5, 367.0],83,39
2,0,2,1,147,163,240,[463.0, 408.5],83,47
2,0,2,1,137,139,226,[425.5, 372.0],83,50
2,0,2,1,158,160,253,[446.0, 458.0],83,32
2,0,2,1,141,134,207,[372.5, 383.5],83,54
2,0,2,1,138,133,220,[333.0, 444.5],83,66
2,0,2,1,131,130,219,[357.0, 407.0],83,36
2,0,2,1,127,123,208,[368.5, 359.0],83,25
2,0,2,1,138,157,229,[421.0, 410.5],83,49
2,0,2,1,148,136,211,[381.5, 392.5],82,52
2,0,2,1,141,139,214,[377.0, 400.5],83,43
2,0,2,1,115,138,211,[392.0, 352.0],83,48
2,0,2,1,119,137,221,[388.5, 378.0],83,39
2,0,2,1,153,158,236,[393.0, 469.0],83,37
2,0,2,1,153,156,218,[381.0, 442.0],83,27
2,0,2,1,145,144,219,[404.0, 395.0],83,47
2,0,2,1,142,132,223,[410.0, 376.0],83,51
2,0,2,1,139,155,245,[430.5, 431.0],83,40
2,0,2,1,154,170,253,[459.0, 456.0],83,53
2,0,2,1,167,147,229,[368.5, 477.0],83,51
2,0,2,1,160,165,247,[454.5, 447.0],83,70
2,0,2,1,159,158,226,[467.0, 381.0],83,43
2,0,2,1,139,141,214,[449.0, 329.5],83,28
2,0,2,1,162,155,250,[445.0, 449.5],83,49
2,0,2,1,145,137,236,[396.5, 426.0],83,42
2,0,2,1,152,160,253,[512.5, 385.5],83,40
2,0,2,1,126,132,250,[405.0, 419.0],83,59
2,0,2,1,156,146,233,[431.0, 410.0],83,47
2,0,2,1,140,147,259,[426.5, 452.0],83,64
2,0,2,1,125,127,219,[386.0, 367.5],83,30
2,0,2,1,145,136,240,[421.0, 408.0],83,37
2,0,2,1,157,131,240,[435.5, 398.0],83,52
2,0,2,1,150,153,227,[432.0, 401.5],83,52
2,0,2,1,144,143,203,[389.5, 375.0],83,46
2,0,2,1,124,130,220,[409.0, 350.0],83,43
2,0,2,1,130,122,211,[369.5, 365.5],83,42
2,0,2,1,169,171,274,[467.5, 506.0],83,62
2,0,2,1,131,135,194,[358.0, 363.5],83,35
2,0,2,1,177,177,250,[491.0, 451.5],82,49
2,0,2,1,164,165,242,[437.0, 458.5],83,45
2,0,2,1,140,124,217,[375.5, 384.5],83,38
2,0,2,1,122,131,198,[361.5, 353.0],83,37
2,0,2,1,116,124,180,[359.5, 302.5],83,32
2,0,2,1,162,145,253,[444.5, 441.0],83,65
2,0,2,1,155,173,264,[490.5, 452.0],83,60
2,0,2,1,172,167,271,[484.5, 480.0],83,69
2,0,2,1,134,143,215,[359.5, 419.0],83,30
2,0,2,1,119,141,202,[380.0, 354.5],83,34
2,0,2,1,149,130,213,[407.5, 362.5],83,33
2,0,2,1,120,143,217,[385.0, 383.5],83,33
2,0,2,1,174,153,258,[445.0, 474.5],81,53
2,0,2,1,119,113,227,[375.5, 367.0],82,36
2,0,2,1,130,132,208,[383.5, 360.5],83,55
2,0,2,1,138,127,212,[413.5, 339.0],83,26
2,0,2,1,123,142,195,[368.5, 357.5],83,34
2,0,2,1,148,146,218,[433.0, 370.0],83,61
2,0,2,1,142,145,241,[447.0, 394.5],83,75
2,0,2,1,133,133,193,[328.5, 390.0],83,26
2,0,2,1,151,147,260,[453.0, 438.5],83,54
2,0,2,1,145,148,253,[454.0, 419.0],83,36
2,0,2,1,167,154,265,[429.5, 498.5],83,66
2,0,2,1,129,131,229,[404.0, 379.5],83,36
2,0,2,1,118,127,192,[334.5, 358.0],83,39
2,0,2,1,152,149,224,[403.0, 420.5],83,41
2,0,2,1,131,132,210,[365.0, 384.0],83,31
2,0,2,1,148,131,226,[416.0, 380.5],82,76
2,0,2,1,185,160,257,[500.0, 439.0],83,68
2,0,2,1,123,124,180,[304.5, 364.5],83,32
2,0,2,1,148,160,249,[437.5, 448.5],83,75
2,0,2,1,134,154,256,[391.5, 485.5],82,36
2,0,2,1,141,148,236,[397.0, 438.0],83,70
2,0,2,1,153,156,247,[416.5, 464.5],83,54
2,0,2,1,109,123,223,[385.0, 354.5],83,39
2,0,2,1,152,147,226,[401.0, 423.5],83,36
2,0,2,1,133,135,217,[429.5, 340.0],83,23
2,0,2,1,154,142,252,[439.0, 432.0],83,56
2,0,2,1,124,140,240,[396.5, 417.5],83,31
2,0,2,1,147,132,234,[401.0, 412.0],83,43
2,0,2,1,116,109,198,[340.0, 335.5],83,36
2,0,2,1,130,129,207,[426.0, 311.5],83,31
2,0,2,1,158,140,225,[415.5, 402.5],83,34
2,0,2,1,153,148,271,[431.5, 485.5],83,69
2,0,2,1,168,169,282,[497.0, 488.5],83,42
2,0,2,1,152,166,238,[421.5, 455.5],83,57
2,0,2,1,173,171,282,[429.0, 564.5],83,79
2,0,2,1,156,154,237,[409.5, 451.5],83,37
2,0,2,1,137,160,234,[440.0, 405.0],83,59
2,0,2,1,156,144,241,[441.0, 413.0],83,25
2,0,2,1,155,135,251,[455.0, 404.5],83,49
2,0,2,1,147,148,224,[383.5, 433.5],83,47
2,0,2,1,155,141,265,[428.0, 468.5],83,34
2,0,2,1,145,150,222,[433.5, 380.5],83,78
2,0,2,1,172,149,265,[447.0, 478.5],83,56
2,0,2,1,145,155,245,[437.5, 430.0],83,43
2,0,2,1,142,138,226,[384.5, 416.5],83,40
2,0,2,1,153,165,243,[439.0, 447.5],83,45
2,0,2,1,157,151,246,[472.5, 403.0],83,76
2,0,2,1,150,134,206,[385.5, 377.5],83,53
2,0,2,1,144,157,263,[456.5, 449.0],83,38
2,0,2,1,133,126,215,[367.0, 385.0],83,36
2,0,2,1,144,154,247,[443.5, 425.5],83,44
2,0,2,1,136,159,240,[477.5, 377.0],83,43
2,0,2,1,141,141,218,[391.5, 397.0],83,23
2,0,2,1,149,133,241,[378.0, 452.5],83,42
2,0,2,1,158,160,280,[462.0, 496.0],83,49
2,0,2,1,142,135,218,[400.5, 380.0],83,53
2,0,2,1,136,161,240,[397.0, 460.5],83,56
2,0,2,1,144,154,202,[400.5, 378.5],83,34
2,0,2,1,133,138,232,[391.5, 412.5],83,53
2,0,2,1,180,170,291,[492.0, 525.0],83,73
2,0,2,1,171,158,264,[477.0, 459.0],83,63
2,0,2,1,161,152,267,[441.5, 481.5],83,63
2,0,2,1,143,151,232,[413.0, 420.5],83,80
2,0,2,1,125,140,245,[411.0, 414.0],83,37
2,0,2,1,154,148,238,[365.0, 487.0],83,59
2,0,2,1,153,151,241,[463.0, 398.5],83,50
2,0,2,1,140,140,210,[378.0, 392.0],82,34
2,0,2,1,140,131,215,[369.0, 397.5],83,44
2,0,2,1,142,145,234,[420.5, 407.0],83,42
2,0,2,1,117,133,219,[397.5, 357.0],82,70
2,0,2,1,169,175,251,[434.5, 499.0],83,84
2,0,2,1,139,129,245,[448.5, 374.0],83,61
2,0,2,1,152,164,258,[485.0, 429.0],83,62
2,0,2,1,137,140,194,[387.5, 347.5],83,21
2,0,2,1,166,144,259,[478.0, 422.0],83,50
2,0,2,1,140,120,207,[364.5, 369.5],83,41
2,0,2,1,147,137,273,[425.0, 473.5],83,50
2,0,2,1,124,132,202,[328.0, 398.0],83,38
2,0,2,1,166,174,273,[486.5, 486.5],83,57
2,0,2,1,151,164,242,[430.0, 451.0],83,45
2,0,2,1,151,142,235,[413.0, 421.0],83,73
2,0,2,1,192,170,299,[487.5, 557.5],83,95
2,0,2,1,156,143,216,[448.0, 354.5],83,47
2,0,2,1,133,133,203,[370.0, 368.5],82,47
2,0,2,1,135,139,200,[345.0, 398.5],83,51
2,0,2,1,145,144,237,[401.5, 433.5],82,67
2,0,2,1,135,145,237,[412.5, 414.0],83,42
2,0,2,1,171,171,288,[490.0, 513.5],84,68
2,0,2,1,145,133,229,[415.5, 387.0],83,51
2,0,2,1,147,142,253,[444.0, 422.0],83,35
2,0,2,1,117,143,191,[333.0, 380.5],83,36
2,0,2,1,113,150,220,[418.0, 360.0],83,64
2,0,2,1,151,153,214,[432.0, 376.5],83,38
2,0,2,1,178,166,258,[459.0, 484.0],83,64
2,0,2,1,132,134,211,[418.5, 336.5],83,32
2,0,2,1,119,129,200,[368.0, 344.5],83,25
2,1,1,0,146,148,236,[165.0, 337.0, 338.0],83,41
2,1,1,0,141,152,243,[164.0, 367.0, 324.0],83,40
2,1,1,0,149,155,238,[156.5, 330.0, 371.0],83,40
2,1,1,0,181,206,318,[221.5, 466.0, 438.5],90,70
2,1,1,0,149,126,216,[164.0, 292.5, 313.5],83,51
2,1,1,0,150,149,231,[172.5, 359.0, 304.0],83,23
2,1,1,0,126,143,218,[161.5, 273.0, 342.0],83,48
2,1,1,0,143,137,256,[175.0, 362.5, 323.0],83,35
2,1,1,0,153,143,241,[193.0, 323.0, 333.5],83,32
2,1,1,0,161,166,262,[200.0, 379.5, 354.5],83,41
2,1,1,0,136,152,232,[172.5, 295.5, 360.0],83,38
2,1,1,0,144,140,241,[162.5, 378.5, 295.0],83,29
2,1,1,0,107,109,158,[118.5, 245.5, 222.5],81,15
2,1,1,0,134,148,216,[160.0, 296.0, 332.0],82,35
2,1,1,0,163,150,223,[172.0, 338.0, 324.0],83,32
2,1,1,0,125,124,214,[146.5, 285.0, 307.5],83,37
2,1,1,0,140,125,209,[152.5, 302.0, 291.0],83,30
2,1,1,0,134,125,216,[159.0, 291.5, 303.0],83,28
2,1,1,0,171,178,283,[194.0, 413.0, 397.0],83,50
2,1,1,0,138,165,226,[171.0, 368.5, 298.0],83,42
2,1,1,0,161,166,282,[191.5, 355.5, 427.0],83,31
2,1,1,0,139,133,239,[176.5, 301.0, 339.0],82,47
2,1,1,0,136,165,253,[189.0, 380.5, 320.0],83,30
2,1,1,0,135,129,219,[165.0, 326.0, 275.5],83,36
2,1,1,0,150,140,212,[148.0, 333.5, 302.5],82,36
2,1,1,0,154,172,283,[202.0, 419.0, 357.0],83,66
2,1,1,0,133,144,191,[157.0, 313.5, 260.5],83,48
2,1,1,0,167,159,255,[182.5, 366.0, 367.0],83,41
2,1,1,0,129,120,205,[151.5, 281.5, 286.0],83,32
2,1,1,0,153,123,220,[153.0, 310.0, 314.5],83,25
2,1,1,0,136,138,230,[157.0, 362.5, 283.5],83,32
2,1,1,0,113,118,196,[149.0, 277.5, 255.5],83,23
2,1,1,0,137,135,212,[164.0, 293.0, 306.5],83,29
2,1,1,0,155,156,255,[178.0, 352.0, 369.0],83,37
2,1,1,0,154,163,242,[182.0, 342.5, 358.0],83,44
2,1,1,0,127,115,210,[156.5, 276.5, 286.5],83,25
2,1,1,0,147,148,217,[159.5, 361.0, 282.5],83,37
2,1,1,0,141,135,211,[157.0, 312.0, 296.5],83,28
2,1,1,0,144,172,240,[173.0, 372.5, 336.5],82,33
2,1,1,0,148,159,232,[189.0, 336.0, 325.5],83,28
2,1,1,0,154,140,237,[168.5, 355.5, 314.0],83,30
2,1,1,0,136,149,229,[164.0, 350.0, 303.5],83,32
2,1,1,0,147,147,223,[170.0, 302.0, 341.5],83,29
2,1,1,0,166,167,286,[200.0, 363.0, 425.5],83,53
2,1,1,0,156,165,269,[210.5, 377.0, 354.0],83,52
2,1,1,0,112,126,219,[145.0, 288.5, 305.5],83,31
2,1,1,0,111,123,202,[140.0, 286.5, 273.0],83,29
2,1,1,0,141,139,233,[170.5, 342.0, 303.0],83,58
2,1,1,0,141,144,206,[156.0, 296.5, 316.5],83,31
2,1,1,0,158,168,239,[171.5, 349.0, 363.5],83,33
2,1,1,0,132,147,202,[171.5, 288.5, 296.5],82,38
2,1,1,0,146,163,260,[196.0, 375.0, 339.5],83,50
2,1,1,0,160,161,242,[166.5, 372.0, 347.0],83,35
2,1,1,0,124,127,204,[146.0, 318.5, 258.0],83,29
2,1,1,0,151,136,236,[156.5, 340.5, 330.0],83,29
2,1,1,0,159,148,246,[178.0, 346.5, 348.5],83,40
2,1,1,0,137,154,271,[178.5, 382.5, 349.0],83,43
2,1,1,0,139,136,225,[161.0, 305.0, 327.0],83,28
2,1,1,0,172,163,250,[162.0, 381.5, 373.0],83,24
2,1,1,0,139,137,255,[170.5, 365.5, 318.5],83,38
2,1,1,0,169,186,266,[214.0, 406.5, 359.5],83,64
2,1,1,0,150,154,234,[177.5, 331.0, 340.5],83,40
2,1,1,0,145,170,237,[188.5, 329.5, 356.0],83,54
2,1,1,0,156,156,263,[197.5, 343.5, 375.0],83,41
2,1,1,0,133,158,210,[154.0, 352.0, 284.0],83,35
2,1,1,0,156,149,233,[182.5, 356.0, 307.0],83,48
2,1,1,0,125,145,217,[173.0, 305.0, 298.5],83,38
2,1,1,0,153,142,268,[172.5, 370.0, 359.5],83,36
2,1,1,0,164,171,225,[174.5, 380.0, 306.5],83,26
2,1,1,0,126,129,206,[147.5, 272.5, 311.5],83,47
2,1,1,0,152,139,234,[178.5, 314.0, 336.0],83,27
2,1,1,0,184,186,253,[195.0, 415.0, 350.5],83,41
2,1,1,0,178,171,283,[201.0, 410.0, 389.5],83,39
2,1,1,0,131,139,206,[159.0, 317.5, 275.0],83,22
2,1,1,0,120,132,201,[151.0, 309.5, 259.5],82,31
2,1,1,0,154,150,239,[170.0, 334.5, 352.5],83,35
2,1,1,0,138,140,233,[155.5, 354.5, 304.0],83,40
2,1,1,0,183,184,265,[205.5, 337.5, 437.0],83,47
2,1,1,0,172,175,275,[207.0, 402.5, 375.0],83,62
2,1,1,0,149,158,262,[193.5, 369.5, 347.0],83,54
2,1,1,0,158,165,259,[173.5, 351.0, 399.0],83,45
2,1,1,0,120,144,250,[170.5, 343.0, 322.5],83,44
2,1,1,0,132,152,238,[168.5, 317.5, 350.0],83,37
2,1,1,0,148,137,215,[159.0, 326.0, 298.5],83,25
2,1,1,0,129,163,227,[173.0, 308.5, 346.0],83,59
2,1,1,0,133,137,244,[180.0, 328.0, 318.5],81,26
2,1,1,0,158,142,241,[165.0, 340.5, 347.5],83,44
2,1,1,0,153,177,255,[195.0, 383.5, 350.0],83,41
2,1,1,0,138,159,241,[190.0, 346.0, 322.5],83,42
2,1,1,0,152,130,234,[171.5, 316.0, 327.5],83,44
2,1,1,0,143,147,237,[184.5, 310.0, 343.0],83,25
2,1,1,0,154,165,249,[172.5, 351.0, 376.0],82,46
2,1,1,0,137,150,231,[173.5, 334.0, 316.5],83,40
2,1,1,0,158,147,244,[195.0, 337.5, 334.0],83,48
2,1,1,0,135,156,235,[167.0, 314.5, 357.5],83,33
2,1,1,0,174,167,262,[204.5, 335.5, 408.5],83,61
2,1,1,0,141,152,219,[174.5, 340.5, 292.0],83,39
2,1,1,0,154,161,258,[181.0, 351.5, 379.0],83,43
2,1,1,0,165,175,288,[195.0, 458.0, 350.5],83,45
2,1,1,0,132,115,225,[154.5, 296.0, 304.0],83,27
2,1,1,0,147,164,254,[191.5, 339.0, 370.5],82,35
2,1,1,0,160,161,229,[169.5, 334.0, 356.0],83,38
2,1,1,0,143,118,185,[154.5, 276.0, 259.5],83,26
2,1,1,0,136,162,229,[161.0, 335.5, 340.5],82,48
2,1,1,0,158,153,225,[177.5, 359.0, 301.0],83,58
2,1,1,0,167,189,282,[211.5, 398.0, 405.0],83,43
2,1,1,0,151,129,225,[158.5, 314.0, 322.0],83,34
2,1,1,0,148,143,232,[177.0, 297.0, 352.5],83,36
2,1,1,0,128,109,190,[130.0, 261.5, 280.0],83,35
2,1,1,0,189,173,251,[175.5, 373.5, 401.5],83,37
2,1,1,0,151,160,236,[180.5, 337.5, 345.0],82,46
2,1,1,0,150,159,240,[180.5, 349.5, 338.5],83,43
2,1,1,0,120,126,210,[151.5, 244.5, 333.0],83,31
2,1,1,0,181,165,266,[209.5, 369.5, 381.5],83,58
2,1,1,0,133,139,229,[177.5, 298.5, 323.5],82,39
2,1,1,0,148,153,230,[176.0, 329.5, 332.0],83,39
2,1,1,0,142,160,240,[160.0, 342.0, 360.0],83,49
2,1,1,0,177,173,268,[181.5, 371.5, 406.5],83,26
2,1,1,0,139,156,227,[161.0, 350.5, 315.5],83,35
2,1,1,0,180,183,246,[196.5, 374.5, 375.5],83,34
2,1,1,0,166,180,279,[195.5, 359.0, 439.5],83,60
2,1,1,0,116,127,217,[154.0, 264.0, 322.5],83,22
2,1,1,0,142,140,222,[163.5, 315.5, 317.0],83,23
2,1,1,0,164,145,250,[165.0, 363.5, 353.0],83,40
2,1,1,0,136,159,209,[156.5, 317.5, 318.5],83,56
2,1,1,0,162,170,253,[200.0, 331.0, 392.0],83,42
2,1,1,0,107,130,210,[143.5, 288.0, 290.5],83,28
2,1,1,0,175,165,280,[188.0, 389.5, 405.0],83,47
2,1,1,0,175,144,265,[185.0, 380.5, 355.5],83,39
2,1,1,0,171,166,270,[173.0, 375.5, 399.5],83,25
2,1,1,0,158,155,243,[180.5, 352.0, 344.0],83,37
2,1,1,0,156,143,231,[161.0, 342.0, 329.5],83,33
2,1,1,0,157,148,226,[161.0, 329.0, 341.0],83,40
2,1,1,0,118,135,206,[145.5, 281.5, 305.5],82,40
2,1,1,0,131,140,220,[155.5, 303.0, 322.5],83,31
2,1,1,0,128,145,246,[182.0, 305.5, 350.0],83,39
2,1,1,0,150,175,244,[170.5, 366.5, 363.5],82,43
2,1,1,0,135,140,215,[165.5, 322.0, 287.5],83,24
2,1,1,0,163,162,276,[186.5, 433.0, 338.5],83,39
2,1,1,0,159,167,272,[177.5, 369.5, 399.5],83,38
2,1,1,0,139,150,233,[161.5, 308.5, 360.0],83,36
2,1,1,0,130,145,251,[180.5, 348.0, 321.0],83,46
2,1,1,0,150,132,203,[162.5, 308.0, 283.5],83,28
2,1,1,0,154,142,248,[170.0, 373.5, 319.5],82,39
2,1,1,0,177,170,262,[188.5, 384.5, 383.0],83,62
2,1,1,0,142,144,225,[177.5, 329.0, 301.5],83,26
2,1,1,0,167,167,235,[176.5, 316.0, 395.0],83,65
2,1,1,0,149,159,227,[193.0, 315.0, 333.5],83,38
2,1,1,0,136,134,220,[150.5, 321.5, 305.0],83,29
2,1,1,0,124,137,188,[138.5, 281.0, 286.0],83,21
2,1,1,1,158,134,235,[164.0, 335.5, 329.5],82,24
2,1,1,1,135,137,210,[139.0, 267.5, 354.0],83,28
2,1,1,1,156,141,242,[183.5, 335.0, 333.0],83,20
2,1,1,1,146,144,236,[155.0, 316.0, 363.0],83,17
2,1,1,1,122,111,202,[142.0, 273.5, 277.0],83,27
2,1,1,1,153,150,219,[178.0, 310.0, 328.0],83,28
2,1,1,1,143,137,229,[157.5, 303.5, 345.5],83,20
2,1,1,1,148,145,239,[176.0, 308.0, 359.5],83,36
2,1,1,1,155,165,263,[196.0, 358.0, 374.5],82,24
2,1,1,1,142,140,227,[162.5, 297.0, 346.5],83,32
2,1,1,1,111,108,182,[139.0, 237.5, 260.5],83,20
2,1,1,1,144,135,230,[165.5, 320.0, 321.0],82,30
2,1,1,1,152,145,239,[151.0, 339.0, 357.5],83,37
2,1,1,1,146,158,226,[177.0, 326.5, 331.5],83,36
2,1,1,1,142,152,253,[178.0, 345.5, 352.5],83,32
2,1,1,1,113,128,234,[154.0, 315.0, 304.0],83,23
2,1,1,1,137,162,232,[161.5, 325.5, 357.0],83,22
2,1,1,1,150,145,255,[182.5, 353.5, 341.5],83,32
2,1,1,1,141,157,243,[179.5, 360.0, 323.0],81,42
2,1,1,1,119,120,217,[142.0, 289.0, 302.0],83,23
2,1,1,1,149,160,265,[204.0, 357.5, 357.5],83,37
2,1,1,1,128,149,206,[163.5, 291.5, 308.5],83,33
2,1,1,1,148,144,251,[171.5, 333.5, 361.0],83,39
2,1,1,1,145,163,223,[183.5, 335.5, 316.5],82,32
2,1,1,1,125,120,212,[160.5, 288.5, 280.0],82,30
2,1,1,1,148,149,249,[175.0, 367.0, 327.5],83,31
2,1,1,1,182,149,274,[193.5, 393.5, 366.5],83,52
2,1,1,1,134,132,209,[164.5, 289.0, 296.5],83,26
2,1,1,1,136,147,227,[152.0, 383.0, 275.5],83,17
2,1,1,1,143,154,240,[165.5, 349.5, 339.0],83,22
2,1,1,1,133,150,239,[165.5, 349.0, 321.5],83,48
2,1,1,1,148,145,223,[172.5, 338.5, 300.5],83,30
2,1,1,1,141,164,226,[160.5, 336.5, 342.0],83,42
2,1,1,1,164,153,276,[194.5, 374.5, 376.5],83,30
2,1,1,1,144,139,227,[168.5, 330.0, 308.0],83,37
2,1,1,1,137,189,263,[197.0, 354.0, 395.5],83,47
2,1,1,1,115,155,211,[161.5, 297.5, 310.5],83,37
2,1,1,1,157,152,247,[172.0, 357.5, 349.5],82,30
2,1,1,1,153,156,242,[178.0, 366.0, 327.0],83,38
2,1,1,1,143,122,215,[156.5, 271.5, 328.0],83,37
2,1,1,1,151,140,227,[165.5, 307.0, 342.5],83,22
2,1,1,1,128,134,196,[142.0, 299.0, 280.0],83,31
2,1,1,1,135,123,206,[161.5, 270.5, 299.5],83,33
2,1,1,1,153,148,243,[176.5, 328.5, 356.0],83,39
2,1,1,1,159,137,227,[180.0, 323.5, 315.0],83,33
2,1,1,1,160,153,241,[184.5, 364.5, 322.5],83,36
2,1,1,1,115,111,187,[133.5, 247.5, 274.5],83,15
2,1,1,1,135,166,246,[180.5, 348.5, 347.0],83,42
2,1,1,1,125,145,211,[155.5, 303.5, 305.5],83,23
2,1,1,1,137,149,245,[176.5, 310.5, 363.5],83,27
2,1,1,1,148,149,223,[173.5, 302.5, 341.5],83,40
2,1,1,1,116,123,177,[121.5, 278.5, 254.5],82,21
2,1,1,1,178,180,267,[212.5, 415.0, 354.5],83,20
2,1,1,1,164,158,263,[178.5, 336.5, 412.0],83,48
2,1,1,1,141,154,222,[172.5, 318.0, 325.5],83,34
2,1,1,1,128,127,221,[175.0, 290.0, 295.5],83,26
2,1,1,1,123,117,193,[148.5, 246.5, 289.5],83,25
2,1,1,1,174,161,255,[166.0, 343.0, 416.5],83,38
2,1,1,1,178,161,266,[164.0, 428.0, 359.5],83,24
2,1,1,1,190,170,297,[222.5, 434.0, 382.5],84,62
2,1,1,1,157,153,245,[182.0, 316.5, 378.0],83,36
2,1,1,1,166,151,246,[185.0, 341.5, 358.0],83,46
2,1,1,1,161,164,237,[198.5, 336.0, 346.5],83,32
2,1,1,1,141,134,211,[151.5, 294.0, 318.5],82,23
2,1,1,1,139,141,226,[159.5, 295.5, 347.5],83,30
2,1,1,1,148,142,246,[192.5, 322.5, 338.0],81,40
2,1,1,1,146,140,228,[174.0, 315.0, 323.0],83,21
2,1,1,1,143,158,242,[180.0, 364.0, 320.0],82,34
2,1,1,1,157,142,232,[167.5, 319.5, 347.0],83,54
2,1,1,1,142,127,217,[140.0, 301.0, 325.5],83,26
2,1,1,1,141,136,231,[158.5, 332.5, 316.0],83,38
2,1,1,1,173,184,289,[191.0, 459.0, 377.0],82,47
2,1,1,1,166,155,266,[186.5, 445.5, 298.5],83,42
2,1,1,1,133,150,233,[168.0, 345.0, 311.0],83,46
2,1,1,1,146,140,233,[180.5, 327.5, 314.0],83,22
2,1,1,1,144,141,257,[182.5, 366.5, 320.5],83,32
2,1,1,1,165,162,247,[186.0, 326.0, 390.0],83,36
2,1,1,1,141,147,230,[161.0, 328.0, 332.5],83,21
2,1,1,1,131,138,240,[166.5, 349.0, 302.5],82,30
2,1,1,1,123,134,213,[138.5, 322.0, 289.5],83,34
2,1,1,1,169,144,233,[174.0, 325.0, 352.0],83,34
2,1,1,1,143,151,232,[161.0, 333.0, 339.5],83,29
2,1,1,1,174,141,274,[185.0, 401.5, 347.0],82,61
2,1,1,1,166,161,292,[190.5, 368.0, 433.0],84,49
2,1,1,1,133,129,227,[152.5, 320.0, 308.0],83,17
2,1,1,1,136,140,207,[143.5, 275.5, 341.0],83,21
2,1,1,1,154,154,246,[194.0, 361.0, 322.0],82,28
2,1,1,1,146,136,236,[151.0, 359.5, 311.5],83,28
2,1,1,1,148,143,219,[170.0, 326.0, 304.5],83,30
2,1,1,1,135,136,226,[161.5, 330.5, 299.0],83,28
2,1,1,1,146,121,207,[145.5, 298.5, 297.5],83,25
2,1,1,1,147,142,188,[158.5, 287.0, 290.5],83,22
2,1,1,1,167,144,235,[177.5, 364.0, 311.5],83,38
2,1,1,1,146,149,244,[178.0, 316.0, 363.5],83,53
2,1,1,1,162,161,238,[185.0, 373.5, 321.0],83,41
2,1,1,1,133,120,207,[170.0, 254.0, 303.0],83,26
2,1,1,1,136,150,241,[179.5, 353.5, 310.0],83,41
2,1,1,1,128,138,183,[135.5, 288.5, 277.0],83,17
2,1,1,1,131,132,235,[166.0, 325.5, 307.5],83,29
2,1,1,1,146,139,207,[157.5, 314.5, 296.5],82,21
2,1,1,1,149,169,245,[175.0, 337.0, 380.5],83,44
2,1,1,1,124,134,217,[150.5, 301.5, 307.0],83,25
2,1,1,1,135,149,231,[168.0, 334.0, 318.5],83,30
2,1,1,1,127,130,217,[151.0, 310.5, 294.5],83,16
2,1,1,1,140,149,225,[179.0, 336.5, 298.0],83,32
2,1,1,1,142,152,224,[170.5, 356.5, 291.0],83,31
2,1,1,1,173,180,249,[185.0, 403.0, 353.0],83,43
2,1,1,1,148,164,257,[182.5, 317.0, 408.5],83,38
2,1,1,1,125,131,217,[153.0, 334.0, 268.5],83,25
2,1,1,1,164,141,252,[171.0, 336.5, 372.0],83,32
2,1,1,1,138,129,228,[139.0, 306.5, 342.0],83,27
2,1,1,1,124,139,233,[169.5, 305.0, 324.0],82,30
2,1,1,1,154,131,233,[174.5, 346.0, 296.0],83,32
2,1,1,1,176,153,263,[181.0, 354.5, 396.0],82,38
2,1,1,1,139,136,220,[165.5, 304.5, 313.0],83,27
2,1,1,1,124,123,183,[145.5, 264.0, 265.0],83,24
2,1,1,1,138,137,207,[155.5, 288.0, 314.0],83,31
2,1,1,1,128,129,233,[156.5, 339.0, 292.0],83,30
2,1,1,1,132,137,196,[152.5, 296.0, 281.0],83,30
2,1,1,1,158,152,232,[154.5, 316.5, 379.0],82,34
2,1,1,1,132,122,172,[139.5, 248.5, 271.0],83,19
2,1,1,1,144,173,256,[186.5, 338.0, 391.0],83,81
2,1,1,1,135,134,211,[150.5, 302.5, 305.0],83,25
2,1,1,1,128,135,222,[160.5, 313.5, 300.5],82,30
2,1,1,1,142,144,238,[171.5, 360.5, 302.0],83,48
2,1,1,1,113,124,205,[139.0, 291.5, 278.5],83,17
2,1,1,1,115,143,207,[162.0, 282.0, 299.5],83,33
2,1,1,1,141,151,213,[161.0, 339.5, 293.0],83,26
2,1,1,1,117,113,174,[123.0, 237.5, 274.0],83,21
2,1,1,1,136,139,221,[153.0, 323.5, 310.0],82,28
2,1,1,1,157,142,243,[171.0, 346.0, 339.0],83,56
2,1,1,1,136,148,237,[166.0, 323.0, 343.0],83,25
2,1,1,1,143,149,224,[167.0, 310.0, 337.5],83,21
2,1,1,1,134,154,230,[169.0, 343.5, 312.5],83,28
2,1,1,1,128,145,201,[150.0, 289.5, 308.0],83,28
2,1,1,1,184,171,251,[194.0, 407.5, 341.0],83,45
2,1,1,1,180,173,282,[193.0, 397.5, 413.0],83,46
2,1,1,1,149,163,252,[183.5, 331.5, 382.5],83,41
2,1,1,1,171,174,252,[184.5, 386.5, 365.0],83,39
2,1,1,1,124,125,206,[144.5, 282.5, 296.5],83,20
2,1,1,1,171,166,273,[208.5, 360.5, 397.0],83,63
2,1,1,1,159,157,236,[164.0, 336.0, 366.5],83,45
2,1,1,1,157,136,243,[172.0, 293.5, 381.5],82,28
2,1,1,1,187,169,271,[177.5, 383.0, 422.0],83,31
2,1,1,1,138,138,241,[168.5, 340.0, 318.5],83,45
2,1,1,1,151,143,220,[159.5, 344.5, 301.5],83,38
2,1,1,1,141,163,229,[161.5, 297.0, 385.0],83,29
2,1,1,1,150,127,245,[163.5, 312.0, 355.0],83,44
2,1,1,1,121,128,201,[139.5, 286.0, 289.5],83,25
2,1,1,1,152,168,245,[169.5, 352.0, 372.5],83,31
2,1,2,0,134,146,239,[166.0, 317.0, 348.0],83,42
2,1,2,0,169,155,246,[182.0, 349.0, 362.5],83,29
2,1,2,0,140,147,222,[159.0, 328.5, 317.0],83,45
2,1,2,0,150,152,250,[184.0, 342.5, 351.5],83,32
2,1,2,0,131,137,203,[163.5, 311.0, 268.0],82,27
2,1,2,0,138,142,223,[150.5, 298.5, 348.0],82,25
2,1,2,0,140,155,237,[163.5, 339.5, 343.5],83,45
2,1,2,0,147,134,252,[164.5, 384.0, 303.5],83,24
2,1,2,0,154,147,244,[167.0, 344.0, 351.5],83,18
2,1,2,0,170,152,247,[162.0, 379.0, 351.0],82,32
2,1,2,0,154,162,241,[181.0, 326.5, 371.5],83,28
2,1,2,0,160,157,242,[189.5, 345.0, 345.0],83,26
2,1,2,0,163,161,253,[197.0, 342.5, 371.0],83,38
2,1,2,0,139,138,221,[166.0, 297.5, 324.5],83,29
2,1,2,0,125,154,224,[172.5, 305.0, 326.5],83,31
2,1,2,0,139,151,232,[165.0, 328.5, 336.0],82,40
2,1,2,0,146,158,255,[191.5, 314.5, 387.0],81,42
2,1,2,0,170,157,256,[187.5, 352.5, 377.5],83,23
2,1,2,0,177,159,262,[209.5, 327.5, 402.5],83,55
2,1,2,0,127,131,198,[148.5, 282.0, 289.0],83,21
2,1,2,0,151,145,212,[155.0, 332.0, 305.5],83,27
2,1,2,0,115,115,193,[151.0, 253.5, 269.0],83,21
2,1,2,0,153,161,249,[165.5, 390.5, 336.5],82,26
2,1,2,0,135,134,227,[168.0, 328.0, 294.0],83,15
2,1,2,0,137,161,238,[139.0, 343.5, 372.0],83,22
2,1,2,0,137,130,214,[162.5, 309.5, 288.0],83,31
2,1,2,0,159,150,222,[171.5, 337.5, 319.0],83,28
2,1,2,0,174,176,272,[194.5, 392.5, 395.0],83,51
2,1,2,0,173,180,286,[203.5, 443.5, 368.0],83,54
2,1,2,0,129,110,210,[149.5, 246.0, 318.5],83,22
2,1,2,0,124,140,223,[168.0, 294.0, 318.0],83,30
2,1,2,0,126,152,254,[181.5, 308.0, 372.5],83,35
2,1,2,0,119,145,207,[160.0, 325.0, 265.5],83,22
2,1,2,0,112,116,205,[134.0, 277.5, 284.5],83,17
2,1,2,0,133,134,198,[152.5, 311.5, 266.0],83,17
2,1,2,0,132,118,205,[139.5, 310.0, 269.5],83,21
2,1,2,0,133,164,228,[157.0, 324.0, 354.0],83,27
2,1,2,0,151,157,275,[172.0, 410.5, 354.0],83,44
2,1,2,0,142,157,223,[185.0, 327.5, 311.0],83,23
2,1,2,0,170,141,237,[170.5, 317.5, 367.5],83,42
2,1,2,0,140,153,233,[164.5, 350.0, 321.0],83,25
2,1,2,0,154,137,252,[178.5, 347.5, 337.5],82,30
2,1,2,0,154,162,242,[157.5, 363.0, 360.5],83,21
2,1,2,0,159,144,252,[180.0, 368.5, 330.5],83,41
2,1,2,0,140,144,266,[176.5, 340.0, 371.5],83,34
2,1,2,0,155,148,240,[165.0, 335.5, 356.5],83,18
2,1,2,0,124,147,216,[162.0, 294.5, 320.0],83,31
2,1,2,0,189,174,250,[191.0, 378.0, 381.0],83,53
2,1,2,0,125,125,217,[147.0, 298.0, 301.5],83,28
2,1,2,0,147,158,246,[167.5, 352.5, 356.0],83,27
2,1,2,0,147,137,254,[177.0, 324.5, 359.0],83,37
2,1,2,0,153,177,259,[194.0, 376.0, 366.5],83,40
2,1,2,0,117,121,189,[131.5, 223.5, 321.5],83,13
2,1,2,0,156,139,232,[173.0, 332.5, 323.0],83,37
2,1,2,0,119,125,198,[145.5, 277.5, 279.5],83,24
2,1,2,0,166,163,290,[213.0, 378.5, 399.0],83,45
2,1,2,0,148,144,268,[163.0, 365.5, 371.5],83,37
2,1,2,0,146,144,235,[190.0, 321.5, 320.5],83,40
2,1,2,0,122,151,238,[181.5, 332.0, 311.0],83,49
2,1,2,0,162,175,259,[192.5, 365.0, 385.0],82,36
2,1,2,0,138,152,240,[148.0, 307.0, 391.0],83,34
2,1,2,0,168,152,247,[195.5, 336.5, 358.0],83,41
2,1,2,0,136,149,223,[176.5, 304.0, 325.0],82,32
2,1,2,0,125,150,221,[154.0, 307.5, 330.5],83,32
2,1,2,0,184,148,256,[176.5, 364.0, 377.5],82,34
2,1,2,0,136,108,211,[132.5, 289.5, 298.0],83,16
2,1,2,0,132,138,218,[155.0, 291.5, 328.5],83,30
2,1,2,0,138,132,223,[164.5, 309.0, 308.5],83,20
2,1,2,0,129,136,230,[155.5, 285.5, 352.0],83,30
2,1,2,0,175,166,278,[205.0, 377.0, 398.0],83,75
2,1,2,0,176,178,272,[204.5, 353.5, 429.0],83,57
2,1,2,0,141,138,227,[156.5, 312.5, 333.0],83,24
2,1,2,0,137,123,227,[159.0, 313.0, 303.5],83,18
2,1,2,0,168,147,240,[178.0, 356.5, 334.0],83,37
2,1,2,0,155,144,255,[174.5, 385.5, 321.0],82,44
2,1,2,0,138,134,245,[173.0, 320.0, 336.0],83,44
2,1,2,0,135,154,239,[177.0, 341.0, 326.0],83,40
2,1,2,0,132,139,221,[150.5, 343.5, 288.5],83,21
2,1,2,0,133,127,209,[153.0, 285.0, 303.5],83,34
2,1,2,0,145,141,265,[175.5, 352.5, 358.5],83,28
2,1,2,0,158,137,219,[149.0, 313.0, 339.5],83,20
2,1,2,0,121,128,228,[160.0, 312.0, 297.0],82,26
2,1,2,0,159,143,237,[186.0, 351.0, 310.5],83,34
2,1,2,0,135,148,232,[180.0, 315.5, 325.5],83,26
2,1,2,0,141,144,243,[154.0, 323.0, 366.0],83,41
2,1,2,0,151,148,250,[177.5, 360.0, 335.5],83,31
2,1,2,0,142,139,231,[174.0, 299.5, 339.0],83,46
2,1,2,0,159,167,280,[199.0, 369.0, 401.5],83,52
2,1,2,0,117,124,191,[145.0, 257.0, 283.0],83,36
2,1,2,0,153,171,271,[185.0, 405.5, 361.0],83,42
2,1,2,0,126,148,231,[165.0, 311.0, 334.0],83,34
2,1,2,0,120,128,213,[142.0, 282.0, 314.0],83,23
2,1,2,0,174,147,245,[172.5, 344.0, 368.0],83,39
2,1,2,0,178,146,249,[192.0, 366.0, 337.0],83,37
2,1,2,0,145,162,236,[174.0, 344.0, 342.0],83,45
2,1,2,0,140,149,226,[174.0, 305.5, 336.0],83,30
2,1,2,0,136,137,221,[139.5, 326.5, 317.5],83,22
2,1,2,0,147,145,240,[167.5, 359.0, 318.0],83,19
2,1,2,0,131,132,217,[165.5, 295.5, 302.0],82,22
2,1,2,0,144,126,206,[161.0, 302.0, 282.0],83,37
2,1,2,0,160,165,250,[185.5, 392.0, 330.0],83,40
2,1,2,0,136,138,225,[161.0, 329.5, 302.5],82,27
2,1,2,0,152,152,260,[171.5, 362.5, 366.0],83,23
2,1,2,0,135,136,229,[163.0, 347.5, 286.5],83,28
2,1,2,0,153,154,240,[194.0, 351.5, 318.5],83,47
2,1,2,0,153,167,249,[163.0, 378.0, 360.5],83,42
2,1,2,0,135,121,214,[171.0, 294.5, 279.0],82,29
2,1,2,0,142,125,212,[141.0, 286.0, 326.5],83,19
2,1,2,0,173,157,231,[203.0, 322.0, 345.5],82,51
2,1,2,0,136,134,226,[162.5, 298.0, 328.5],83,21
2,1,2,0,153,163,277,[190.0, 386.5, 375.0],82,58
2,1,2,0,157,163,243,[183.0, 363.0, 341.5],83,29
2,1,2,0,135,151,240,[174.5, 320.0, 347.0],83,28
2,1,2,0,145,144,236,[169.5, 339.0, 324.5],83,34
2,1,2,0,149,141,234,[158.5, 322.0, 348.0],81,19
2,1,2,0,129,148,210,[154.5, 323.5, 293.0],83,29
2,1,2,0,148,152,236,[162.5, 349.5, 336.0],83,24
2,1,2,0,126,136,221,[170.5, 292.5, 309.0],83,23
2,1,2,0,144,132,215,[171.5, 302.0, 298.5],83,25
2,1,2,0,155,149,216,[164.5, 310.5, 335.5],83,21
2,1,2,0,164,139,223,[167.0, 344.5, 307.0],83,20
2,1,2,0,145,157,244,[178.0, 322.5, 368.0],83,30
2,1,2,0,160,168,237,[178.5, 336.5, 371.0],83,40
2,1,2,0,117,131,204,[147.0, 288.0, 286.5],83,21
2,1,2,0,122,127,212,[157.5, 308.5, 270.5],83,23
2,1,2,0,160,167,246,[187.5, 358.0, 357.0],83,55
2,1,2,0,126,138,223,[164.0, 294.0, 321.0],83,24
2,1,2,0,149,146,226,[169.5, 347.5, 303.0],83,42
2,1,2,0,152,148,246,[169.0, 359.5, 337.5],83,28
2,1,2,0,136,152,250,[169.5, 305.0, 389.5],83,24
2,1,2,0,159,130,215,[160.0, 322.0, 302.0],83,32
2,1,2,0,164,155,267,[189.0, 353.5, 388.0],83,38
2,1,2,0,138,124,215,[139.5, 300.0, 314.5],83,24
2,1,2,0,143,158,236,[168.0, 355.0, 329.0],83,44
2,1,2,0,139,139,231,[168.5, 331.0, 310.0],83,28
2,1,2,0,124,130,203,[144.0, 272.0, 309.0],83,19
2,1,2,0,153,134,221,[140.0, 351.5, 304.5],82,15
2,1,2,0,139,135,241,[170.0, 295.5, 358.0],83,37
2,1,2,0,164,164,233,[170.0, 370.0, 336.0],83,46
2,1,2,0,144,145,239,[162.0, 325.5, 352.0],83,38
2,1,2,0,140,132,205,[159.0, 296.0, 293.0],83,22
2,1,2,0,112,146,180,[139.0, 270.0, 282.0],83,18
2,1,2,0,115,117,172,[132.5, 240.0, 262.0],83,25
2,1,2,0,154,151,229,[173.5, 316.5, 348.5],82,39
2,1,2,0,153,139,251,[184.5, 340.0, 339.0],83,33
2,1,2,0,128,120,212,[164.5, 278.0, 289.5],83,20
2,1,2,0,155,160,248,[171.5, 356.5, 363.0],83,18
2,1,2,0,177,195,289,[194.0, 421.0, 432.5],87,50
2,1,2,0,144,135,216,[161.5, 345.0, 272.0],83,14
2,1,2,0,146,136,218,[150.5, 308.5, 327.0],83,20
2,1,2,1,148,146,242,[160.5, 327.5, 363.0],83,57
2,1,2,1,141,139,235,[178.0, 317.0, 324.5],83,20
2,1,2,1,122,144,209,[155.5, 305.0, 295.5],83,34
2,1,2,1,119,132,202,[154.0, 278.5, 288.5],83,18
2,1,2,1,169,155,246,[192.5, 315.0, 386.0],82,29
2,1,2,1,166,169,269,[202.0, 365.5, 390.0],83,51
2,1,2,1,136,138,203,[156.5, 331.5, 261.0],83,21
2,1,2,1,128,108,186,[138.0, 272.5, 251.5],83,23
2,1,2,1,158,162,228,[194.5, 339.0, 323.5],83,62
2,1,2,1,161,146,273,[196.5, 345.5, 384.0],83,56
2,1,2,1,138,130,227,[164.5, 322.0, 300.5],83,39
2,1,2,1,175,162,259,[170.0, 425.0, 341.0],83,46
2,1,2,1,170,172,270,[203.0, 387.5, 377.5],83,32
2,1,2,1,170,167,270,[187.0, 403.0, 370.5],83,57
2,1,2,1,132,148,241,[175.0, 305.0, 356.0],83,27
2,1,2,1,143,149,257,[180.5, 352.5, 347.5],83,34
2,1,2,1,151,136,227,[156.0, 370.5, 282.5],83,27
2,1,2,1,113,126,190,[138.5, 291.0, 252.5],83,18
2,1,2,1,143,144,217,[169.0, 317.5, 306.5],83,41
2,1,2,1,142,160,215,[161.0, 330.5, 320.5],83,21
2,1,2,1,133,124,214,[152.5, 287.5, 307.0],83,34
2,1,2,1,146,160,224,[167.0, 366.0, 301.0],83,28
2,1,2,1,128,143,222,[168.0, 338.5, 280.0],83,22
2,1,2,1,163,160,263,[202.0, 363.5, 363.5],83,44
2,1,2,1,140,140,217,[163.0, 320.0, 301.0],83,33
2,1,2,1,174,161,267,[185.0, 377.0, 387.5],83,41
2,1,2,1,129,160,235,[171.0, 319.0, 349.0],83,34
2,1,2,1,146,160,246,[173.0, 320.0, 385.0],83,33
2,1,2,1,111,131,186,[148.0, 275.5, 256.0],83,26
2,1,2,1,126,128,190,[149.0, 283.5, 265.5],83,29
2,1,2,1,168,148,239,[167.0, 331.5, 369.5],83,31
2,1,2,1,141,135,252,[172.0, 359.5, 316.0],82,36
2,1,2,1,115,150,214,[160.0, 328.5, 279.5],83,20
2,1,2,1,139,150,237,[195.0, 324.0, 319.0],83,27
2,1,2,1,141,133,209,[155.5, 256.0, 347.0],83,20
2,1,2,1,128,130,223,[141.5, 289.0, 338.5],83,23
2,1,2,1,144,116,213,[149.0, 282.0, 313.0],83,18
2,1,2,1,138,178,261,[163.5, 388.5, 375.0],83,54
2,1,2,1,133,133,217,[166.5, 316.5, 283.5],83,21
2,1,2,1,148,137,199,[151.5, 304.5, 295.5],82,15
2,1,2,1,118,114,190,[133.0, 270.0, 266.0],83,23
2,1,2,1,154,128,250,[172.5, 384.5, 289.0],82,32
2,1,2,1,152,152,239,[167.5, 393.0, 297.5],83,14
2,1,2,1,132,149,207,[142.5, 284.5, 342.5],83,20
2,1,2,1,120,125,196,[140.5, 280.0, 279.0],83,15
2,1,2,1,165,141,234,[150.0, 325.0, 369.5],83,25
2,1,2,1,130,135,211,[147.5, 333.5, 273.5],83,24
2,1,2,1,148,155,243,[173.5, 381.0, 312.0],82,25
2,1,2,1,149,162,214,[176.5, 329.0, 314.5],83,34
2,1,2,1,163,165,280,[202.5, 383.5, 384.5],82,23
2,1,2,1,127,148,208,[145.5, 333.5, 286.0],83,29
2,1,2,1,172,166,268,[185.0, 340.0, 432.0],83,49
2,1,2,1,125,133,208,[149.5, 310.5, 280.5],83,21
2,1,2,1,135,126,196,[130.0, 275.5, 310.5],83,18
2,1,2,1,152,159,258,[190.5, 371.0, 345.0],83,48
2,1,2,1,143,137,216,[167.0, 292.5, 321.0],83,26
2,1,2,1,140,141,232,[172.0, 327.0, 316.5],82,30
2,1,2,1,143,147,219,[167.5, 315.5, 318.5],83,27
2,1,2,1,156,140,228,[168.0, 341.5, 312.5],83,21
2,1,2,1,143,117,221,[156.5, 331.5, 272.5],83,28
2,1,2,1,172,179,278,[194.5, 403.0, 399.0],83,66
2,1,2,1,159,158,257,[176.0, 407.5, 326.5],83,41
2,1,2,1,178,175,268,[197.5, 338.5, 440.5],82,33
2,1,2,1,152,136,243,[177.5, 336.5, 328.0],83,34
2,1,2,1,159,164,232,[161.0, 351.0, 357.0],82,31
2,1,2,1,160,151,253,[174.5, 335.0, 383.0],83,36
2,1,2,1,131,130,221,[149.5, 342.5, 276.0],83,27
2,1,2,1,145,150,220,[163.0, 330.5, 316.5],83,25
2,1,2,1,116,130,213,[140.5, 293.5, 303.0],83,16
2,1,2,1,158,147,217,[155.5, 336.0, 321.0],83,18
2,1,2,1,166,156,276,[210.5, 368.0, 373.5],83,51
2,1,2,1,124,128,209,[134.5, 262.0, 337.5],83,16
2,1,2,1,154,166,241,[181.0, 353.5, 350.5],83,33
2,1,2,1,142,134,241,[156.0, 372.5, 296.5],83,21
2,1,2,1,137,127,207,[146.0, 310.5, 285.0],82,21
2,1,2,1,148,140,249,[172.0, 336.5, 347.5],83,33
2,1,2,1,137,142,220,[172.0, 333.5, 284.5],83,33
2,1,2,1,171,150,245,[192.5, 334.5, 359.0],83,57
2,1,2,1,171,162,263,[194.5, 375.0, 370.5],83,28
2,1,2,1,145,129,220,[149.0, 340.0, 289.5],83,20
2,1,2,1,145,143,255,[173.0, 321.5, 375.0],83,32
2,1,2,1,152,136,248,[181.0, 332.5, 338.5],82,29
2,1,2,1,134,147,217,[171.5, 291.5, 325.5],83,20
2,1,2,1,148,139,226,[156.0, 314.0, 338.5],82,31
2,1,2,1,138,164,242,[204.5, 370.0, 293.5],83,55
2,1,2,1,134,153,236,[155.0, 342.0, 338.5],83,33
2,1,2,1,157,149,235,[171.5, 357.5, 321.5],83,37
2,1,2,1,138,142,204,[157.0, 304.5, 297.5],83,26
2,1,2,1,125,146,202,[142.0, 310.5, 295.5],83,21
2,1,2,1,142,142,250,[167.0, 347.5, 340.5],83,30
2,1,2,1,143,158,231,[150.0, 325.0, 367.0],83,25
2,1,2,1,128,137,206,[153.5, 332.5, 259.5],83,22
2,1,2,1,153,160,245,[178.5, 353.5, 351.0],82,25
2,1,2,1,147,160,242,[169.0, 369.5, 332.5],83,38
2,1,2,1,185,168,266,[193.5, 370.5, 405.0],83,39
2,1,2,1,186,181,287,[209.5, 396.5, 425.5],83,47
2,1,2,1,164,180,272,[192.0, 385.0, 401.0],83,43
2,1,2,1,123,140,194,[135.0, 295.5, 290.5],83,16
2,1,2,1,137,150,215,[152.0, 323.0, 317.0],83,18
2,1,2,1,175,166,254,[194.5, 373.0, 364.5],83,44
2,1,2,1,187,182,294,[214.0, 413.0, 421.0],84,70
2,1,2,1,145,136,228,[152.5, 324.5, 328.0],83,28
2,1,2,1,163,162,256,[173.0, 361.5, 383.5],83,51
2,1,2,1,133,129,219,[159.5, 306.0, 299.0],83,29
2,1,2,1,149,158,260,[190.5, 404.0, 311.5],83,46
2,1,2,1,147,144,239,[170.0, 352.5, 318.5],83,26
2,1,2,1,175,152,257,[181.0, 349.0, 387.0],83,42
2,1,2,1,128,129,200,[152.5, 278.0, 291.0],83,18
2,1,2,1,129,135,233,[161.5, 307.0, 329.0],83,30
2,1,2,1,128,147,220,[154.5, 334.0, 300.0],83,17
2,1,2,1,145,123,203,[149.0, 300.0, 286.5],82,24
2,1,2,1,128,98,193,[137.5, 239.5, 284.0],83,14
2,1,2,1,151,147,250,[170.0, 342.0, 359.5],83,32
2,1,2,1,141,168,269,[178.0, 376.0, 377.0],83,33
2,1,2,1,133,122,212,[156.0, 295.5, 288.5],83,28
2,1,2,1,133,129,213,[149.0, 306.5, 297.0],83,21
2,1,2,1,156,141,223,[167.0, 312.0, 334.5],82,53
2,1,2,1,154,130,235,[149.5, 362.5, 307.0],83,23
2,1,2,1,128,146,215,[156.0, 292.0, 329.0],82,31
2,1,2,1,144,150,250,[181.5, 355.5, 332.0],83,43
2,1,2,1,148,149,239,[160.0, 359.5, 330.0],83,31
2,1,2,1,185,167,257,[189.0, 397.5, 363.0],83,44
2,1,2,1,131,135,231,[165.5, 269.5, 360.5],83,30
2,1,2,1,164,163,259,[175.5, 361.5, 389.5],83,22
2,1,2,1,160,130,220,[149.5, 326.5, 319.0],83,19
2,1,2,1,170,158,241,[190.5, 358.5, 340.0],83,42
2,1,2,1,127,129,219,[159.5, 320.0, 279.0],83,29
2,1,2,1,173,190,285,[202.0, 405.5, 420.5],83,77
2,1,2,1,155,161,262,[181.0, 386.0, 353.5],82,40
2,1,2,1,160,163,234,[172.5, 330.5, 369.5],83,35
2,1,2,1,146,145,234,[171.5, 344.0, 316.0],82,31
2,1,2,1,132,146,224,[165.5, 319.0, 314.5],83,38
2,1,2,1,154,177,262,[195.0, 399.0, 349.5],83,40
2,1,2,1,169,164,249,[180.0, 384.5, 348.5],83,37
2,1,2,1,130,101,196,[131.0, 284.0, 258.5],82,14
2,1,2,1,148,144,231,[173.5, 353.5, 299.0],83,25
2,1,2,1,130,111,202,[133.5, 301.0, 266.0],82,26
2,1,2,1,143,146,222,[160.5, 324.5, 321.0],83,30
2,1,2,1,123,127,189,[151.5, 276.5, 263.5],82,29
2,1,2,1,144,154,263,[182.0, 368.5, 350.5],82,31
2,1,2,1,161,148,251,[190.5, 358.0, 336.5],83,32
2,1,2,1,160,154,243,[173.5, 308.5, 395.0],82,37
2,1,2,1,159,164,259,[179.0, 374.5, 369.5],83,50
2,1,2,1,120,144,195,[147.5, 281.0, 297.5],83,43
2,1,2,1,126,129,195,[140.0, 276.5, 293.0],83,20
2,1,2,1,131,117,204,[145.0, 291.5, 278.0],83,21
2,1,2,1,155,143,253,[194.0, 326.0, 355.5],83,49
2,1,2,1,145,150,262,[189.5, 388.5, 316.0],83,47
2,1,2,1,124,135,198,[155.0, 285.0, 282.5],83,24
2,1,2,1,138,154,218,[173.5, 316.0, 315.5],83,27
