1,0,1,0,68,76,128,438.0,59,3,72,75,1462.0
1,0,1,0,98,93,144,525.5,68,6,115,121,1812.0
1,0,1,0,79,92,151,519.0,60,3,99,102,1786.0
1,0,1,0,64,70,114,397.0,53,3,58,61,1298.0
1,0,1,0,76,65,114,401.5,53,2,52,54,1316.0
1,0,1,0,74,77,109,407.5,53,2,37,39,1340.0
1,0,1,0,80,75,122,436.5,63,4,52,56,1456.0
1,0,1,0,64,82,121,429.0,57,2,93,96,1426.0
1,0,1,0,76,81,115,427.5,62,2,48,50,1420.0
1,0,1,0,85,98,148,528.0,68,3,52,55,1822.0
1,0,1,0,88,93,163,553.5,71,8,122,129,1924.0
1,0,1,0,80,78,136,469.0,61,2,65,66,1586.0
1,0,1,0,80,87,120,450.5,61,5,30,34,1512.0
1,0,1,0,62,72,106,382.0,53,3,52,55,1238.0
1,0,1,0,66,48,103,344.0,49,2,37,39,1086.0
1,0,1,0,87,81,145,498.5,62,14,41,53,1704.0
1,0,1,0,70,60,111,382.0,58,3,34,37,1238.0
1,0,1,0,81,76,129,453.0,58,3,57,60,1522.0
1,0,1,0,70,63,111,386.5,53,3,41,44,1256.0
1,0,1,0,74,74,125,435.0,55,2,53,55,1450.0
1,0,1,0,85,82,115,438.0,61,9,64,73,1462.0
1,0,1,0,86,88,133,484.0,62,3,86,89,1646.0
1,0,1,0,79,94,154,528.0,66,5,99,104,1822.0
1,0,1,0,93,91,156,541.5,64,8,98,106,1876.0
1,0,1,0,63,63,112,381.5,54,1,29,31,1236.0
1,0,1,0,67,70,112,396.0,54,2,72,75,1294.0
1,0,1,0,77,84,133,469.0,59,3,68,71,1586.0
1,0,1,0,78,77,125,443.5,57,2,102,104,1484.0
1,0,1,0,73,75,119,423.5,56,3,76,79,1404.0
1,0,1,0,82,87,127,466.5,59,4,85,89,1576.0
1,0,1,0,90,62,125,433.0,54,2,38,40,1442.0
1,0,1,0,85,79,129,461.5,58,3,51,54,1556.0
1,0,1,0,72,69,99,373.5,53,2,34,36,1204.0
1,0,1,0,89,88,136,493.0,60,9,100,109,1682.0
1,0,1,0,88,90,129,481.0,59,3,69,71,1634.0
1,0,1,0,114,99,178,618.5,73,14,108,120,2184.0
1,0,1,0,88,85,149,513.5,61,6,51,57,1764.0
1,0,1,0,89,104,150,545.0,64,3,92,94,1890.0
1,0,1,0,74,72,125,432.0,56,4,59,63,1438.0
1,0,1,0,62,71,125,418.5,56,3,30,33,1384.0
1,0,1,0,79,70,120,424.0,54,3,45,48,1406.0
1,0,1,0,94,97,162,563.5,62,4,74,77,1964.0
1,0,1,0,55,60,101,347.0,50,2,26,28,1098.0
1,0,1,0,76,74,111,409.0,54,4,77,81,1346.0
1,0,1,0,76,73,101,387.5,53,2,50,52,1260.0
1,0,1,0,56,53,100,335.5,53,2,27,29,1052.0
1,0,1,0,73,77,131,450.5,56,2,48,50,1512.0
1,0,1,0,84,96,147,522.0,59,13,149,162,1798.0
1,0,1,0,105,88,172,581.0,60,6,94,97,2034.0
1,0,1,0,68,65,108,381.5,53,1,38,40,1236.0
1,0,1,0,73,68,125,425.0,54,3,51,54,1410.0
1,0,1,0,85,78,132,466.0,55,2,35,37,1574.0
1,0,1,0,92,76,123,452.0,54,2,68,70,1518.0
1,0,1,0,98,81,129,477.5,58,6,46,50,1620.0
1,0,1,0,104,100,171,596.0,61,10,76,81,2094.0
1,0,1,0,77,73,120,426.5,54,4,57,62,1416.0
1,0,1,0,72,71,109,396.5,54,1,39,41,1296.0
1,0,1,0,61,68,96,355.0,50,2,26,28,1130.0
1,0,1,0,91,88,148,519.0,58,7,60,64,1786.0
1,0,1,0,84,83,133,474.5,56,3,45,47,1608.0
1,0,1,0,71,75,130,443.5,56,4,42,45,1484.0
1,0,1,0,67,76,137,455.0,54,3,59,62,1530.0
1,0,1,0,92,94,152,537.0,57,6,110,115,1858.0
1,0,1,0,74,70,120,419.0,54,2,40,41,1386.0
1,0,1,0,86,83,136,482.5,57,5,67,72,1640.0
1,0,1,0,97,96,122,485.0,55,2,55,57,1650.0
1,0,1,0,83,73,152,496.5,57,7,91,98,1696.0
1,0,1,0,87,84,135,483.0,54,3,81,83,1642.0
1,0,1,0,98,99,160,566.5,59,10,134,142,1976.0
1,0,1,0,97,80,127,471.0,55,3,76,79,1594.0
1,0,1,0,82,91,134,486.5,57,5,47,51,1656.0
1,0,1,0,69,65,146,458.5,54,3,62,64,1544.0
1,0,1,0,53,76,100,367.0,53,2,34,36,1178.0
1,0,1,0,93,91,154,537.5,56,6,82,87,1860.0
1,0,1,0,86,81,149,505.5,55,7,60,67,1732.0
1,0,1,0,73,58,116,392.0,54,2,36,38,1278.0
1,0,1,0,85,92,136,495.0,56,8,91,98,1690.0
1,0,1,0,58,55,99,338.5,46,1,25,26,1064.0
1,0,1,0,50,60,87,314.0,43,1,23,23,966.0
1,0,1,0,90,85,149,515.5,55,7,77,82,1772.0
1,0,1,0,69,78,117,420.0,54,2,32,33,1390.0
1,0,1,0,57,63,108,367.5,48,1,36,37,1180.0
1,0,1,0,102,99,168,586.5,56,6,123,127,2056.0
1,0,1,0,97,95,143,525.5,56,4,95,97,1812.0
1,0,1,0,75,78,115,422.0,54,4,42,46,1398.0
1,0,1,0,68,61,107,373.5,54,1,41,42,1204.0
1,0,1,0,91,65,111,410.5,54,3,71,73,1352.0
1,0,1,0,91,88,136,495.0,56,3,59,61,1690.0
1,0,1,0,95,93,136,506.5,56,9,127,135,1736.0
1,0,1,0,62,54,92,327.0,48,1,26,27,1018.0
1,0,1,0,72,68,108,390.0,52,2,32,34,1270.0
1,0,1,0,97,98,134,512.0,56,5,50,54,1758.0
1,0,1,0,70,68,110,392.0,54,3,41,44,1278.0
1,0,1,0,73,69,113,402.5,53,3,44,46,1320.0
1,0,1,0,94,76,129,466.0,56,5,39,43,1574.0
1,0,1,0,85,79,146,495.5,54,4,57,60,1692.0
1,0,1,0,78,87,121,450.5,55,8,119,127,1512.0
1,0,1,0,90,76,127,458.0,54,1,47,48,1542.0
1,0,1,0,101,96,157,559.0,54,2,59,60,1946.0
1,0,1,0,75,64,111,393.0,54,3,35,37,1282.0
1,0,1,0,82,64,118,414.0,54,5,47,51,1366.0
1,0,1,0,89,105,141,528.5,55,4,38,42,1824.0
1,0,1,0,72,75,100,384.5,51,2,27,28,1248.0
1,0,1,0,75,62,114,396.0,54,4,61,65,1294.0
1,0,1,0,72,70,124,425.0,54,6,23,28,1410.0
1,0,1,0,86,90,134,489.0,54,2,64,66,1666.0
1,0,1,0,83,75,104,403.5,54,2,56,58,1324.0
1,0,1,0,66,52,92,328.0,48,4,56,60,1022.0
1,0,1,0,86,83,126,462.5,54,2,50,52,1560.0
1,0,1,0,65,83,115,419.5,54,2,48,50,1388.0
1,0,1,0,74,89,139,485.5,55,9,85,93,1652.0
1,0,1,0,60,48,106,344.0,51,3,53,56,1086.0
1,0,1,0,71,77,132,450.5,54,4,39,41,1512.0
1,0,1,0,63,68,103,371.0,48,2,85,86,1194.0
1,0,1,0,69,50,101,346.0,51,2,46,48,1094.0
1,0,1,0,53,49,85,296.5,43,1,31,32,896.0
1,0,1,0,64,79,117,416.5,54,3,54,57,1376.0
1,0,1,0,85,84,140,491.0,54,8,63,68,1674.0
1,0,1,0,102,103,159,574.5,54,5,52,56,2008.0
1,0,1,0,56,67,101,358.5,50,2,50,52,1144.0
1,0,1,0,80,79,142,482.5,54,3,68,69,1640.0
1,0,1,0,70,73,120,419.5,52,4,67,70,1388.0
1,0,1,0,84,92,158,538.0,53,4,66,68,1862.0
1,0,1,0,74,80,119,432.0,53,2,42,44,1438.0
1,0,1,0,88,83,126,464.5,53,5,40,42,1568.0
1,0,1,0,91,61,138,458.5,53,5,70,75,1544.0
1,0,1,0,96,86,126,477.0,53,4,41,45,1618.0
1,0,1,0,79,61,108,386.5,50,1,40,41,1256.0
1,0,1,0,61,55,95,333.5,47,1,26,28,1044.0
1,0,1,0,97,109,177,614.5,53,6,77,79,2168.0
1,0,1,0,81,74,115,422.0,52,2,53,55,1398.0
1,0,1,0,88,82,142,495.0,53,4,45,47,1690.0
1,0,1,0,85,97,148,526.5,53,6,86,92,1816.0
1,0,1,0,81,82,145,494.0,52,7,66,72,1686.0
1,0,1,0,81,85,129,466.5,51,3,56,59,1576.0
1,0,1,0,80,63,130,434.5,52,2,43,45,1448.0
1,0,1,0,77,80,123,443.0,52,2,73,75,1482.0
1,0,1,0,87,92,145,515.0,53,5,74,76,1770.0
1,0,1,0,69,63,89,341.5,49,1,32,33,1076.0
1,0,1,0,81,87,156,523.5,52,6,94,98,1804.0
1,0,1,0,82,90,137,491.0,52,8,74,80,1674.0
1,0,1,0,80,78,121,439.0,52,6,63,69,1466.0
1,0,1,0,68,77,114,411.5,52,3,41,43,1356.0
1,0,1,0,82,79,123,446.5,52,7,100,106,1496.0
1,0,1,0,81,87,142,495.5,52,16,85,101,1692.0
1,0,1,0,75,75,118,423.5,52,3,41,44,1404.0
1,0,1,0,95,99,140,523.5,52,3,79,82,1804.0
1,0,1,0,74,67,128,430.5,52,2,47,50,1432.0
1,0,1,0,72,83,111,418.5,52,4,43,47,1384.0
1,0,1,0,64,73,106,385.5,51,2,35,37,1252.0
1,0,1,1,73,69,116,408.5,52,0,57,57,1244.0
1,0,1,1,75,83,133,465.5,52,1,63,63,1472.0
1,0,1,1,76,81,125,447.5,52,0,56,56,1400.0
1,0,1,1,81,75,143,479.5,51,0,73,73,1528.0
1,0,1,1,75,82,114,426.0,52,0,36,36,1314.0
1,0,1,1,80,83,125,454.5,52,0,41,41,1428.0
1,0,1,1,63,65,101,362.5,51,0,41,41,1060.0
1,0,1,1,74,87,141,486.5,52,0,90,90,1556.0
1,0,1,1,101,97,164,574.5,54,1,73,73,1908.0
1,0,1,1,53,63,103,353.5,50,0,38,38,1024.0
1,0,1,1,73,90,146,500.0,51,0,45,45,1610.0
1,0,1,1,96,84,146,514.0,52,0,50,50,1666.0
1,0,1,1,54,70,97,353.0,46,0,42,42,1022.0
1,0,1,1,81,77,128,452.5,52,0,50,50,1420.0
1,0,1,1,102,99,157,564.5,52,0,74,74,1868.0
1,0,1,1,70,86,130,459.0,52,0,93,94,1446.0
1,0,1,1,69,73,118,414.5,52,0,85,85,1268.0
1,0,1,1,81,72,116,421.0,52,0,51,52,1294.0
1,0,1,1,65,76,111,401.0,50,0,64,64,1214.0
1,0,1,1,70,71,118,412.5,52,0,37,37,1260.0
1,0,1,1,92,102,150,545.0,52,1,72,73,1790.0
1,0,1,1,58,67,108,374.5,52,0,57,58,1108.0
1,0,1,1,74,73,133,449.5,52,0,84,84,1408.0
1,0,1,1,77,67,135,447.5,52,0,60,60,1400.0
1,0,1,1,79,81,124,448.5,52,0,62,62,1404.0
1,0,1,1,87,79,143,491.5,52,0,65,65,1576.0
1,0,1,1,87,88,127,473.0,52,1,37,37,1502.0
1,0,1,1,79,86,132,472.0,52,0,54,55,1498.0
1,0,1,1,71,72,115,409.0,52,1,35,36,1246.0
1,0,1,1,83,89,148,512.5,52,0,72,72,1660.0
1,0,1,1,94,85,133,487.5,52,0,52,52,1560.0
1,0,1,1,85,94,155,536.0,52,0,47,47,1754.0
1,0,1,1,77,87,135,477.5,52,0,68,68,1520.0
1,0,1,1,77,61,130,428.5,52,0,62,62,1324.0
1,0,1,1,85,77,124,448.5,52,0,31,31,1404.0
1,0,1,1,69,72,113,403.0,52,0,46,46,1222.0
1,0,1,1,87,79,135,475.5,52,1,53,53,1512.0
1,0,1,1,74,68,119,414.0,52,0,40,40,1266.0
1,0,1,1,64,61,123,401.5,52,0,55,55,1216.0
1,0,1,1,76,71,116,414.5,52,0,43,43,1268.0
1,0,1,1,61,52,105,349.0,45,0,35,35,1006.0
1,0,1,1,84,90,139,497.0,52,0,76,76,1598.0
1,0,1,1,87,88,126,471.0,52,1,95,95,1494.0
1,0,1,1,89,79,125,457.5,52,0,58,58,1440.0
1,0,1,1,66,65,95,353.5,46,0,44,44,1024.0
1,0,1,1,93,89,153,532.5,52,0,127,128,1740.0
1,0,1,1,51,57,82,300.5,43,0,32,32,812.0
1,0,1,1,99,94,140,520.0,52,0,73,73,1690.0
1,0,1,1,82,82,135,475.0,52,0,45,45,1510.0
1,0,1,1,98,83,132,486.5,51,0,43,43,1556.0
1,0,1,1,62,80,121,424.0,52,0,35,35,1306.0
1,0,1,1,73,69,106,388.5,49,0,32,32,1164.0
1,0,1,1,80,89,155,523.5,51,1,68,68,1704.0
1,0,1,1,62,67,112,386.5,50,0,40,40,1156.0
1,0,1,1,88,72,132,460.0,51,0,108,108,1450.0
1,0,1,1,74,80,117,428.0,51,0,56,56,1322.0
1,0,1,1,79,77,133,460.5,50,0,29,29,1452.0
1,0,1,1,87,110,158,568.0,51,1,103,103,1882.0
1,0,1,1,75,77,111,412.5,51,0,51,52,1260.0
1,0,1,1,101,74,151,514.0,51,0,63,63,1666.0
1,0,1,1,80,92,114,446.0,51,0,48,48,1394.0
1,0,1,1,96,102,138,525.0,51,0,64,64,1710.0
1,0,1,1,74,66,125,423.0,51,0,49,50,1302.0
1,0,1,1,76,75,117,422.5,51,0,63,63,1300.0
1,0,1,1,74,77,120,429.5,51,0,72,72,1328.0
1,0,1,1,77,83,124,449.5,51,0,60,60,1408.0
1,0,1,1,74,63,121,410.5,51,0,47,48,1252.0
1,0,1,1,69,67,101,371.5,51,0,35,36,1096.0
1,0,1,1,103,95,160,565.5,50,1,92,92,1872.0
1,0,1,1,92,92,145,520.0,51,0,65,65,1690.0
1,0,1,1,105,87,133,501.5,51,0,61,61,1616.0
1,0,1,1,98,78,148,511.0,51,1,82,82,1654.0
1,0,1,1,86,78,123,449.0,51,0,111,112,1406.0
1,0,1,1,79,76,114,421.0,51,0,40,40,1294.0
1,0,1,1,84,78,113,427.0,50,0,42,42,1318.0
1,0,1,1,72,78,130,449.0,51,1,60,60,1406.0
1,0,1,1,56,72,112,388.0,51,0,45,45,1162.0
1,0,1,1,82,76,138,472.0,51,0,51,51,1498.0
1,0,1,1,78,83,111,424.5,51,1,73,73,1308.0
1,0,1,1,90,77,136,477.5,51,0,71,71,1520.0
1,0,1,1,86,85,147,507.5,51,0,89,89,1640.0
1,0,1,1,73,82,126,448.0,51,0,61,62,1402.0
1,0,1,1,67,60,84,325.0,45,0,22,22,910.0
1,0,1,1,60,67,92,344.5,47,0,26,27,988.0
1,0,1,1,85,80,137,479.0,51,0,54,54,1526.0
1,0,1,1,80,75,135,462.5,51,0,75,75,1460.0
1,0,1,1,77,88,147,503.0,51,0,60,60,1622.0
1,0,1,1,79,67,126,431.5,51,1,44,45,1336.0
1,0,1,1,95,95,144,525.5,51,1,84,84,1712.0
1,0,1,1,89,98,123,482.0,51,0,58,58,1538.0
1,0,1,1,91,98,158,554.0,51,2,52,53,1826.0
1,0,1,1,79,79,138,473.5,51,0,82,82,1504.0
1,0,1,1,80,75,122,436.5,51,0,66,66,1356.0
1,0,1,1,89,105,134,514.5,50,1,69,69,1668.0
1,0,1,1,93,80,144,501.0,51,0,44,44,1614.0
1,0,1,1,80,79,135,468.5,51,0,49,50,1484.0
1,0,1,1,76,84,133,468.0,51,0,51,51,1482.0
1,0,1,1,96,92,155,544.0,51,0,132,132,1786.0
1,0,1,1,66,56,103,356.0,46,0,36,36,1034.0
1,0,1,1,73,75,126,437.5,51,1,56,57,1360.0
1,0,1,1,82,81,119,441.5,51,0,60,61,1376.0
1,0,1,1,88,69,108,407.5,51,0,45,45,1240.0
1,0,1,1,66,69,113,395.5,50,0,58,58,1192.0
1,0,1,1,62,62,119,393.0,50,0,52,52,1182.0
1,0,1,1,79,58,109,384.0,50,0,66,66,1146.0
1,0,1,1,67,85,119,432.5,50,0,51,51,1340.0
1,0,1,1,72,72,114,408.0,49,0,52,52,1242.0
1,0,1,1,99,85,134,494.5,50,0,84,85,1588.0
1,0,1,1,81,75,120,433.5,50,0,25,25,1344.0
1,0,1,1,72,68,114,402.0,50,0,48,48,1218.0
1,0,1,1,80,80,140,480.0,50,1,79,79,1530.0
1,0,1,1,72,76,137,460.0,50,0,62,62,1450.0
1,0,1,1,89,91,154,533.5,50,0,55,56,1744.0
1,0,1,1,95,79,158,529.5,50,1,58,59,1728.0
1,0,1,1,63,57,95,338.5,48,0,29,29,964.0
1,0,1,1,89,85,139,494.5,50,0,54,55,1588.0
1,0,1,1,73,73,129,440.5,50,0,42,42,1372.0
1,0,1,1,74,72,113,408.0,49,0,50,50,1242.0
1,0,1,1,87,85,111,436.5,50,0,33,33,1356.0
1,0,1,1,73,71,133,445.5,50,0,36,36,1392.0
1,0,1,1,67,67,123,413.5,50,0,29,29,1264.0
1,0,1,1,94,86,162,547.0,50,0,134,135,1798.0
1,0,1,1,97,90,150,532.0,50,0,65,65,1738.0
1,0,1,1,110,99,172,602.5,53,1,111,112,2020.0
1,0,1,1,88,81,141,491.5,50,0,80,80,1576.0
1,0,1,1,76,66,126,427.0,50,0,29,30,1318.0
1,0,1,1,88,82,113,437.0,50,0,31,31,1358.0
1,0,1,1,58,57,91,325.5,45,0,24,24,912.0
1,0,1,1,71,85,137,472.5,50,0,62,62,1500.0
1,0,1,1,75,88,147,501.0,49,0,71,72,1614.0
1,0,1,1,85,81,116,438.5,50,0,36,36,1364.0
1,0,1,1,88,85,146,507.5,50,0,63,63,1640.0
1,0,1,1,97,112,148,561.0,50,1,55,55,1854.0
1,0,1,1,82,73,121,433.5,50,0,43,43,1344.0
1,0,1,1,78,76,111,414.0,50,0,53,54,1266.0
1,0,1,1,77,71,118,419.5,50,1,64,65,1288.0
1,0,1,1,85,91,141,503.5,50,0,77,78,1624.0
1,0,1,1,66,76,112,404.0,50,0,40,40,1226.0
1,0,1,1,76,88,138,484.0,50,1,60,61,1546.0
1,0,1,1,84,80,143,490.0,50,1,62,62,1570.0
1,0,1,1,65,60,111,377.0,48,0,43,43,1118.0
1,0,1,1,90,85,120,457.5,50,0,42,42,1440.0
1,0,1,1,67,65,108,380.5,49,1,49,50,1132.0
1,0,1,1,84,76,122,442.0,50,0,32,32,1378.0
1,0,1,1,76,91,133,478.5,49,0,57,57,1524.0
1,0,1,1,96,89,146,521.5,49,0,44,44,1696.0
1,0,1,1,89,89,130,482.5,49,0,62,62,1540.0
1,0,1,1,96,99,136,516.5,48,1,121,121,1676.0
1,0,1,1,87,91,136,495.5,49,0,56,56,1592.0
1,0,1,1,80,89,115,443.5,49,0,54,54,1384.0
1,0,2,0,58,54,112,363.0,48,1,30,31,1042.0
1,0,2,0,77,65,106,386.5,49,0,35,35,1136.0
1,0,2,0,71,78,112,412.0,49,0,61,61,1238.0
1,0,2,0,82,85,125,459.5,49,0,68,68,1428.0
1,0,2,0,76,70,115,411.0,49,0,44,44,1234.0
1,0,2,0,98,88,168,566.0,49,0,116,116,1854.0
1,0,2,0,78,85,130,465.5,49,0,83,83,1452.0
1,0,2,0,79,95,138,497.5,49,1,42,43,1580.0
1,0,2,0,81,83,137,479.5,49,1,70,70,1508.0
1,0,2,0,54,56,99,336.0,46,0,38,38,934.0
1,0,2,0,64,71,108,386.5,48,0,74,74,1136.0
1,0,2,0,96,97,153,547.5,48,1,102,102,1780.0
1,0,2,0,77,78,118,430.0,48,0,31,31,1310.0
1,0,2,0,95,95,156,549.5,48,1,83,84,1788.0
1,0,2,0,51,55,98,329.5,46,0,58,58,908.0
1,0,2,0,79,82,131,464.0,48,0,53,53,1446.0
1,0,2,0,62,67,108,378.5,48,0,40,40,1104.0
1,0,2,0,81,82,143,490.0,48,0,42,42,1550.0
1,0,2,0,58,84,128,440.0,48,0,72,72,1350.0
1,0,2,0,92,87,137,496.5,48,0,69,70,1576.0
1,0,2,0,67,64,118,399.0,47,0,19,19,1186.0
1,0,2,0,94,91,160,550.5,48,1,85,86,1792.0
1,0,2,0,84,86,155,523.0,48,0,53,53,1682.0
1,0,2,0,67,73,143,462.5,48,0,71,71,1440.0
1,0,2,0,88,85,130,475.5,47,0,35,35,1492.0
1,0,2,0,78,86,153,513.0,48,0,100,101,1642.0
1,0,2,0,80,85,133,473.5,48,0,77,77,1484.0
1,0,2,0,53,74,105,374.0,46,0,63,63,1086.0
1,0,2,0,48,60,112,362.0,46,0,39,39,1038.0
1,0,2,0,72,91,154,516.5,48,1,32,33,1656.0
1,0,2,0,72,79,111,412.5,48,0,94,94,1240.0
1,0,2,0,89,86,151,520.0,48,0,73,73,1670.0
1,0,2,0,77,78,136,466.0,48,0,49,49,1454.0
1,0,2,0,81,66,128,436.0,48,0,50,50,1334.0
1,0,2,0,76,73,116,417.5,48,0,68,68,1260.0
1,0,2,0,57,71,104,371.5,48,0,40,41,1076.0
1,0,2,0,76,78,135,463.0,48,0,80,80,1442.0
1,0,2,0,63,80,110,403.0,48,0,42,42,1202.0
1,0,2,0,111,99,163,585.5,49,0,56,56,1932.0
1,0,2,0,92,105,184,617.5,49,1,129,130,2060.0
1,0,2,0,69,85,124,444.5,48,0,67,67,1368.0
1,0,2,0,77,86,136,478.0,48,0,67,67,1502.0
1,0,2,0,86,93,143,511.5,48,0,131,131,1636.0
1,0,2,0,87,78,142,488.0,48,1,90,90,1542.0
1,0,2,0,86,83,137,484.5,48,0,58,58,1528.0
1,0,2,0,70,77,123,431.5,48,0,53,53,1316.0
1,0,2,0,89,80,142,493.0,48,0,67,67,1562.0
1,0,2,0,92,93,144,519.5,48,0,38,38,1668.0
1,0,2,0,72,85,132,463.5,48,0,44,44,1444.0
1,0,2,0,61,68,103,369.0,48,0,36,36,1066.0
1,0,2,0,83,72,121,433.0,48,0,55,56,1322.0
1,0,2,0,83,75,110,415.5,48,0,36,36,1252.0
1,0,2,0,96,97,151,543.5,48,1,83,83,1764.0
1,0,2,0,73,66,105,382.0,48,0,53,53,1118.0
1,0,2,0,67,75,126,431.5,48,0,43,43,1316.0
1,0,2,0,102,107,151,564.5,48,1,113,114,1848.0
1,0,2,0,72,69,122,419.5,48,0,58,58,1268.0
1,0,2,0,72,74,133,449.0,48,0,45,45,1386.0
1,0,2,0,74,69,129,435.5,48,0,41,41,1332.0
1,0,2,0,80,100,115,460.0,48,0,70,70,1430.0
1,0,2,0,88,89,145,511.5,48,1,71,71,1636.0
1,0,2,0,75,73,141,466.5,48,0,71,71,1456.0
1,0,2,0,85,89,138,494.5,48,1,55,56,1568.0
1,0,2,0,101,96,142,529.0,48,0,76,76,1706.0
1,0,2,0,67,67,110,387.5,48,0,44,44,1140.0
1,0,2,0,75,78,125,442.0,48,1,90,91,1358.0
1,0,2,0,89,84,123,461.0,48,1,103,103,1434.0
1,0,2,0,75,74,127,440.0,48,0,71,71,1350.0
1,0,2,0,79,86,126,460.0,47,0,69,69,1430.0
1,0,2,0,72,76,116,418.0,48,0,49,50,1262.0
1,0,2,0,82,62,118,411.0,48,0,58,58,1234.0
1,0,2,0,78,86,124,455.0,48,0,53,53,1410.0
1,0,2,0,70,68,120,412.0,48,0,44,44,1238.0
1,0,2,0,78,67,110,398.5,48,0,49,49,1184.0
1,0,2,0,88,89,148,517.5,48,0,62,62,1660.0
1,0,2,0,97,101,158,564.5,49,0,66,66,1848.0
1,0,2,0,84,80,124,452.0,48,0,51,52,1398.0
1,0,2,0,69,91,130,465.5,48,0,63,63,1452.0
1,0,2,0,77,90,123,458.0,48,0,58,58,1422.0
1,0,2,0,78,78,126,447.0,47,0,52,52,1378.0
1,0,2,0,69,79,123,433.5,48,0,62,62,1324.0
1,0,2,0,70,55,100,352.5,45,0,46,46,1000.0
1,0,2,0,78,83,146,494.5,48,1,80,80,1568.0
1,0,2,0,83,72,121,433.0,48,0,65,65,1322.0
1,0,2,0,51,66,98,346.0,45,0,36,36,974.0
1,0,2,0,82,89,141,497.5,48,0,45,45,1580.0
1,0,2,0,94,78,148,507.0,48,0,80,80,1618.0
1,0,2,0,76,79,129,452.5,48,0,38,38,1400.0
1,0,2,0,64,60,97,348.0,48,0,45,45,982.0
1,0,2,0,105,90,156,552.0,49,1,53,53,1798.0
1,0,2,0,65,65,105,372.5,48,0,39,39,1080.0
1,0,2,0,88,98,147,529.0,48,1,91,91,1706.0
1,0,2,0,84,92,139,500.0,48,0,67,67,1590.0
1,0,2,0,103,112,173,617.0,54,2,114,115,2058.0
1,0,2,0,57,63,105,361.5,48,0,18,18,1036.0
1,0,2,0,104,99,178,608.5,48,1,70,71,2024.0
1,0,2,0,81,94,130,482.0,48,1,37,37,1518.0
1,0,2,0,98,83,140,502.5,48,0,71,71,1600.0
1,0,2,0,103,105,153,566.5,52,1,96,96,1856.0
1,0,2,0,75,61,106,378.5,48,0,44,45,1104.0
1,0,2,0,78,76,126,444.0,48,0,78,78,1366.0
1,0,2,0,83,82,118,442.0,48,0,34,34,1358.0
1,0,2,0,74,98,129,479.0,48,1,100,101,1506.0
1,0,2,0,71,75,117,417.5,48,1,31,32,1260.0
1,0,2,0,70,71,103,382.5,48,0,38,38,1120.0
1,0,2,0,37,42,79,258.0,42,0,23,23,622.0
1,0,2,0,88,92,141,508.0,48,0,57,57,1622.0
1,0,2,0,92,95,151,536.5,48,1,83,83,1736.0
1,0,2,0,103,80,144,511.0,47,0,76,76,1634.0
1,0,2,0,70,83,154,502.5,48,0,44,44,1600.0
1,0,2,0,92,95,152,538.5,48,1,75,76,1744.0
1,0,2,0,80,72,122,432.0,48,0,40,40,1318.0
1,0,2,0,75,84,129,459.0,48,0,60,60,1426.0
1,0,2,0,70,78,117,421.0,48,0,44,44,1274.0
1,0,2,0,90,87,132,484.5,48,0,59,59,1528.0
1,0,2,0,73,68,129,433.0,48,0,46,46,1322.0
1,0,2,0,72,71,107,392.5,48,0,54,55,1160.0
1,0,2,0,84,98,119,469.0,47,1,73,73,1466.0
1,0,2,0,90,80,116,442.0,48,0,99,100,1358.0
1,0,2,0,59,41,78,276.5,41,0,30,30,696.0
1,0,2,0,88,95,115,460.5,48,0,34,35,1432.0
1,0,2,0,81,96,131,487.0,48,0,56,56,1538.0
1,0,2,0,91,89,135,494.5,48,1,68,69,1568.0
1,0,2,0,64,75,100,376.5,48,0,55,55,1096.0
1,0,2,0,79,87,119,447.5,48,0,46,46,1380.0
1,0,2,0,73,71,117,413.5,48,0,56,56,1244.0
1,0,2,0,87,80,123,453.0,48,0,78,78,1402.0
1,0,2,0,71,57,111,378.5,48,0,41,42,1104.0
1,0,2,0,87,82,137,484.0,48,0,53,53,1526.0
1,0,2,0,93,91,158,545.5,48,1,113,113,1772.0
1,0,2,0,86,67,120,426.5,48,0,26,26,1296.0
1,0,2,0,71,71,115,407.5,48,0,40,40,1220.0
1,0,2,0,88,92,138,502.0,48,0,97,98,1598.0
1,0,2,0,82,78,120,439.0,48,0,47,47,1346.0
1,0,2,0,100,86,171,571.0,48,0,92,92,1874.0
1,0,2,0,93,69,136,468.5,48,0,55,55,1464.0
1,0,2,0,88,83,134,480.5,48,0,48,48,1512.0
1,0,2,0,91,100,146,533.0,48,0,116,116,1722.0
1,0,2,0,84,81,127,459.5,48,0,81,81,1428.0
1,0,2,0,66,61,112,381.5,48,0,36,36,1116.0
1,0,2,0,88,88,137,494.0,48,1,65,65,1566.0
1,0,2,0,72,79,125,440.5,48,0,51,51,1352.0
1,0,2,0,55,58,104,350.0,47,0,21,21,990.0
1,0,2,0,68,76,130,442.0,48,0,69,69,1358.0
1,0,2,0,70,72,112,402.0,48,0,37,37,1198.0
1,0,2,0,101,88,128,489.0,48,0,61,61,1546.0
1,0,2,0,86,89,134,487.5,48,0,55,55,1540.0
1,0,2,0,94,101,151,547.5,49,1,75,75,1780.0
1,0,2,0,90,84,152,520.0,48,1,75,75,1670.0
1,0,2,0,92,74,127,457.0,47,0,88,88,1418.0
1,0,2,1,75,70,118,416.0,48,0,26,26,1154.0
1,0,2,1,110,106,161,591.0,48,0,116,116,1854.0
1,0,2,1,94,92,155,542.0,48,0,91,91,1658.0
1,0,2,1,82,90,144,505.0,48,0,58,58,1510.0
1,0,2,1,99,101,140,530.5,48,0,91,91,1612.0
1,0,2,1,77,75,115,419.5,48,0,62,62,1168.0
1,0,2,1,76,80,126,448.0,48,0,55,55,1282.0
1,0,2,1,75,86,121,446.0,48,0,43,43,1274.0
1,0,2,1,81,69,102,388.5,48,0,57,57,1044.0
1,0,2,1,90,86,148,515.0,48,0,92,92,1550.0
1,0,2,1,97,102,143,536.0,48,0,86,86,1634.0
1,0,2,1,86,82,111,431.0,48,0,47,47,1214.0
1,0,2,1,58,52,89,314.0,41,0,33,33,746.0
1,0,2,1,99,81,144,508.5,48,0,99,99,1524.0
1,0,2,1,76,69,119,417.5,48,0,36,36,1160.0
1,0,2,1,76,86,135,475.0,48,0,54,54,1390.0
1,0,2,1,90,91,119,464.5,48,0,67,68,1348.0
1,0,2,1,69,65,126,418.5,48,0,36,36,1164.0
1,0,2,1,69,70,109,392.0,48,0,33,33,1058.0
1,0,2,1,91,85,136,490.5,48,0,71,71,1452.0
1,0,2,1,71,82,140,474.0,48,0,67,67,1386.0
1,0,2,1,80,67,113,406.5,48,0,39,39,1116.0
1,0,2,1,63,89,124,444.5,48,0,66,66,1268.0
1,0,2,1,68,88,107,414.0,48,0,43,43,1146.0
1,0,2,1,47,53,84,294.5,40,0,20,20,668.0
1,0,2,1,71,82,120,434.0,48,0,37,37,1226.0
1,0,2,1,68,78,118,421.0,48,0,58,58,1174.0
1,0,2,1,78,86,116,439.0,48,0,56,56,1246.0
1,0,2,1,63,71,108,385.5,48,0,58,58,1032.0
1,0,2,1,82,83,137,480.5,48,0,67,67,1412.0
1,0,2,1,90,99,148,534.5,48,0,99,100,1628.0
1,0,2,1,80,79,117,432.5,48,0,52,52,1220.0
1,0,2,1,62,75,131,436.5,48,0,81,81,1236.0
1,0,2,1,91,95,140,513.5,48,0,68,68,1544.0
1,0,2,1,56,43,89,298.5,41,0,39,39,684.0
1,0,2,1,65,70,125,420.0,48,0,64,64,1170.0
1,0,2,1,98,90,139,511.0,48,0,54,54,1534.0
1,0,2,1,86,79,146,496.5,48,0,67,67,1476.0
1,0,2,1,79,97,127,478.5,48,0,58,58,1404.0
1,0,2,1,70,67,108,386.5,48,0,35,35,1036.0
1,0,2,1,102,88,139,512.0,48,0,101,101,1538.0
1,0,2,1,82,85,135,479.5,48,0,85,85,1408.0
1,0,2,1,77,71,113,409.5,47,0,42,42,1128.0
1,0,2,1,87,91,121,465.5,48,0,85,85,1352.0
1,0,2,1,82,77,137,471.5,47,0,30,30,1376.0
1,0,2,1,77,72,100,385.0,48,0,19,19,1030.0
1,0,2,1,90,78,97,401.0,48,0,27,27,1094.0
1,0,2,1,90,96,143,520.0,48,0,50,50,1570.0
1,0,2,1,87,81,142,492.5,48,0,40,40,1460.0
1,0,2,1,70,78,132,451.0,48,0,59,59,1294.0
1,0,2,1,76,68,116,410.0,48,0,72,72,1130.0
1,0,2,1,87,82,153,516.0,48,0,70,70,1554.0
1,0,2,1,80,71,116,418.5,48,0,56,56,1164.0
1,0,2,1,88,81,120,449.5,48,0,71,71,1288.0
1,0,2,1,88,80,129,466.0,48,0,43,43,1354.0
1,0,2,1,83,68,114,413.0,48,0,66,66,1142.0
1,0,2,1,79,69,116,414.5,48,0,53,53,1148.0
1,0,2,1,94,93,155,543.5,48,0,46,46,1664.0
1,0,2,1,60,62,102,357.0,46,0,31,31,918.0
1,0,2,1,74,69,123,423.5,48,0,44,44,1184.0
1,0,2,1,103,103,149,555.5,48,0,86,86,1712.0
1,0,2,1,95,76,145,499.0,48,0,70,70,1486.0
1,0,2,1,107,89,173,586.5,49,0,82,82,1836.0
1,0,2,1,59,63,97,347.5,46,0,46,46,880.0
1,0,2,1,70,66,92,353.0,47,0,29,29,902.0
1,0,2,1,94,101,147,539.5,48,0,64,64,1648.0
1,0,2,1,72,69,121,417.5,48,0,41,41,1160.0
1,0,2,1,66,68,99,366.0,48,0,35,35,954.0
1,0,2,1,95,100,142,529.0,48,0,60,60,1606.0
1,0,2,1,72,77,126,439.5,48,0,62,62,1248.0
1,0,2,1,75,81,134,464.5,48,0,63,63,1348.0
1,0,2,1,75,61,112,390.5,48,0,30,30,1052.0
1,0,2,1,62,63,88,332.5,46,0,35,35,820.0
1,0,2,1,92,85,158,535.5,48,0,83,83,1632.0
1,0,2,1,101,118,176,630.0,51,0,135,136,2010.0
1,0,2,1,84,71,110,410.5,48,0,39,39,1132.0
1,0,2,1,76,75,124,436.5,48,0,39,39,1236.0
1,0,2,1,72,68,110,394.0,48,0,38,38,1066.0
1,0,2,1,57,56,103,347.0,45,0,31,31,878.0
1,0,2,1,80,80,117,434.0,48,0,47,47,1226.0
1,0,2,1,84,69,129,445.5,47,0,58,58,1272.0
1,0,2,1,56,77,115,401.5,46,0,49,49,1096.0
1,0,2,1,64,60,81,316.0,45,0,40,40,754.0
1,0,2,1,87,85,142,498.5,46,0,60,60,1484.0
1,0,2,1,88,88,150,520.0,46,0,68,68,1570.0
1,0,2,1,79,78,149,494.0,46,0,50,50,1466.0
1,0,2,1,63,58,110,370.0,46,0,55,55,970.0
1,0,2,1,93,86,147,516.0,46,0,53,53,1554.0
1,0,2,1,58,52,89,314.0,44,0,32,32,746.0
1,0,2,1,75,73,129,442.5,46,0,51,51,1260.0
1,0,2,1,76,71,126,434.5,46,0,56,56,1228.0
1,0,2,1,86,75,128,454.5,46,0,76,76,1308.0
1,0,2,1,79,73,117,422.5,46,0,65,65,1180.0
1,0,2,1,90,78,137,481.0,46,0,50,50,1414.0
1,0,2,1,69,63,102,367.5,46,0,47,47,960.0
1,0,2,1,65,70,108,386.0,46,0,40,40,1034.0
1,0,2,1,87,76,129,459.0,46,0,39,39,1326.0
1,0,2,1,72,78,134,457.0,46,0,48,49,1318.0
1,0,2,1,91,95,134,501.5,46,0,83,83,1496.0
1,0,2,1,53,65,98,346.5,45,0,38,38,876.0
1,0,2,1,94,100,145,534.0,46,0,74,74,1626.0
1,0,2,1,68,69,110,391.5,46,0,46,46,1056.0
1,0,2,1,87,72,126,447.0,46,0,49,49,1278.0
1,0,2,1,65,78,123,428.0,46,0,43,43,1202.0
1,0,2,1,109,98,153,562.0,46,0,94,94,1738.0
1,0,2,1,61,75,121,415.5,46,0,68,68,1152.0
1,0,2,1,75,72,121,425.0,46,0,65,65,1190.0
1,0,2,1,94,83,119,456.5,46,0,65,65,1316.0
1,0,2,1,85,86,160,534.0,46,0,75,75,1626.0
1,0,2,1,71,72,129,437.0,46,0,45,45,1238.0
1,0,2,1,65,68,106,379.0,46,0,46,46,1006.0
1,0,2,1,68,61,111,381.5,45,0,31,31,1016.0
1,0,2,1,55,70,87,334.0,45,0,34,34,826.0
1,0,2,1,75,81,145,486.5,46,0,76,76,1436.0
1,0,2,1,66,75,109,396.5,46,0,27,27,1076.0
1,0,2,1,112,101,158,579.5,46,0,98,98,1808.0
1,0,2,1,85,86,143,500.0,46,0,69,69,1490.0
1,0,2,1,66,71,104,380.5,46,0,30,30,1012.0
1,0,2,1,63,75,111,397.5,46,0,29,29,1080.0
1,0,2,1,75,79,121,435.5,46,0,68,68,1232.0
1,0,2,1,64,75,112,400.5,46,0,38,38,1092.0
1,0,2,1,68,69,116,403.5,46,0,46,46,1104.0
1,0,2,1,73,85,114,428.5,46,0,24,24,1204.0
1,0,2,1,78,66,136,449.0,46,0,83,83,1286.0
1,0,2,1,105,83,134,497.5,46,0,98,98,1480.0
1,0,2,1,99,87,146,521.5,46,0,77,77,1576.0
1,0,2,1,72,74,107,397.0,45,0,50,50,1078.0
1,0,2,1,65,78,132,446.0,46,0,35,36,1274.0
1,0,2,1,62,72,116,402.0,46,0,46,46,1098.0
1,0,2,1,85,84,158,527.0,46,0,62,62,1598.0
1,0,2,1,69,71,102,379.5,45,0,51,51,1008.0
1,0,2,1,82,81,126,455.5,46,0,87,87,1312.0
1,0,2,1,83,100,130,493.0,46,0,56,56,1462.0
1,0,2,1,69,72,107,391.0,46,0,46,46,1054.0
1,0,2,1,75,84,127,455.0,46,0,53,53,1310.0
1,0,2,1,67,62,103,366.0,46,0,45,45,954.0
1,0,2,1,108,92,144,534.0,46,0,87,87,1626.0
1,0,2,1,93,80,123,459.0,46,0,47,47,1326.0
1,0,2,1,91,95,140,513.5,46,0,78,78,1544.0
1,0,2,1,80,74,121,433.0,46,0,36,36,1222.0
1,0,2,1,84,87,122,458.5,46,0,67,67,1324.0
1,0,2,1,60,53,103,345.5,45,0,73,73,872.0
1,0,2,1,68,70,99,371.0,45,0,28,28,974.0
1,0,2,1,103,108,141,547.0,46,0,79,79,1678.0
1,0,2,1,74,73,116,415.5,45,0,53,53,1152.0
1,0,2,1,86,73,109,413.5,46,0,26,27,1144.0
1,0,2,1,65,56,113,375.0,46,0,28,28,990.0
1,0,2,1,77,75,131,451.5,46,0,77,77,1296.0
1,0,2,1,79,93,137,492.5,46,0,96,96,1460.0
1,0,2,1,70,80,116,422.0,46,0,67,67,1178.0
1,1,1,0,64,67,124,412.5,46,1,17,18,1220.0
1,1,1,0,64,70,113,395.0,46,2,19,20,1150.0
1,1,1,0,92,95,141,516.5,46,5,33,37,1636.0
1,1,1,0,99,118,167,610.0,52,17,30,43,2010.0
1,1,1,0,68,79,120,426.5,45,3,28,30,1276.0
1,1,1,0,75,65,121,414.5,46,2,16,18,1228.0
1,1,1,0,92,96,159,554.0,46,5,46,50,1786.0
1,1,1,0,76,79,131,456.5,46,3,24,26,1396.0
1,1,1,0,55,58,117,376.0,46,1,13,13,1074.0
1,1,1,0,80,79,132,462.5,46,4,17,19,1420.0
1,1,1,0,60,57,113,371.5,46,2,16,17,1056.0
1,1,1,0,83,92,130,481.0,46,5,25,27,1494.0
1,1,1,0,78,84,135,474.0,46,4,26,28,1466.0
1,1,1,0,80,72,132,452.0,46,2,21,23,1378.0
1,1,1,0,100,106,161,581.0,46,11,31,40,1894.0
1,1,1,0,92,84,141,500.0,46,4,14,17,1570.0
1,1,1,0,87,97,159,550.5,45,6,26,29,1772.0
1,1,1,0,85,79,132,467.5,46,5,33,36,1440.0
1,1,1,0,68,76,103,388.0,46,5,22,27,1122.0
1,1,1,0,83,90,123,464.0,46,8,18,25,1426.0
1,1,1,0,101,94,141,524.0,46,4,39,42,1666.0
1,1,1,0,72,59,105,370.5,45,2,16,18,1052.0
1,1,1,0,66,54,98,343.0,45,2,16,18,942.0
1,1,1,0,77,78,128,450.0,46,3,29,31,1370.0
1,1,1,0,82,89,126,467.5,46,10,41,50,1440.0
1,1,1,0,71,91,136,479.5,46,4,27,30,1488.0
1,1,1,0,77,66,108,392.0,46,3,28,31,1138.0
1,1,1,0,76,79,124,442.5,46,3,23,25,1340.0
1,1,1,0,92,89,135,495.5,46,6,24,29,1552.0
1,1,1,0,82,67,126,434.5,46,5,13,16,1308.0
1,1,1,0,94,103,159,566.5,46,11,30,39,1836.0
1,1,1,0,65,74,116,408.0,46,3,18,21,1202.0
1,1,1,0,97,98,148,540.0,46,6,30,33,1730.0
1,1,1,0,105,117,175,630.5,51,17,35,44,2092.0
1,1,1,0,82,89,123,461.5,46,4,16,17,1416.0
1,1,1,0,82,90,135,487.0,46,2,28,28,1518.0
1,1,1,0,90,103,126,496.5,46,5,36,40,1556.0
1,1,1,0,85,92,146,515.0,45,6,24,27,1630.0
1,1,1,0,83,87,120,453.5,46,3,22,24,1384.0
1,1,1,0,85,103,141,521.5,46,4,25,28,1656.0
1,1,1,0,89,94,151,532.0,46,5,21,26,1698.0
1,1,1,0,90,78,126,459.0,46,3,19,22,1406.0
1,1,1,0,87,65,107,398.5,46,2,14,16,1164.0
1,1,1,0,76,68,108,394.0,46,3,13,15,1146.0
1,1,1,0,69,94,141,492.0,46,5,20,22,1538.0
1,1,1,0,69,79,112,411.5,46,3,17,19,1216.0
1,1,1,0,81,91,132,481.5,46,3,24,27,1496.0
1,1,1,0,82,86,153,517.0,46,4,39,43,1638.0
1,1,1,0,89,73,134,466.5,46,6,40,45,1436.0
1,1,1,0,59,59,99,345.5,45,1,15,16,952.0
1,1,1,0,73,72,115,411.0,46,3,20,22,1214.0
1,1,1,0,73,75,103,391.5,46,2,17,18,1136.0
1,1,1,0,75,73,97,378.5,46,2,14,17,1084.0
1,1,1,0,87,93,153,532.5,46,11,43,53,1700.0
1,1,1,0,77,92,154,523.0,46,10,32,40,1662.0
1,1,1,0,84,93,140,503.5,46,7,20,24,1584.0
1,1,1,0,85,98,139,510.0,46,6,32,36,1610.0
1,1,1,0,76,76,133,456.0,46,5,17,20,1394.0
1,1,1,0,86,87,134,484.5,46,5,32,36,1508.0
1,1,1,0,70,73,108,395.5,46,3,12,13,1152.0
1,1,1,0,92,97,144,525.5,46,14,21,31,1672.0
1,1,1,0,77,75,119,427.5,46,1,13,14,1280.0
1,1,1,0,71,81,131,454.5,46,2,17,18,1388.0
1,1,1,0,73,81,138,470.5,46,5,12,14,1452.0
1,1,1,0,102,104,159,576.0,46,10,24,28,1874.0
1,1,1,0,102,95,153,550.5,46,5,25,28,1772.0
1,1,1,0,82,74,124,441.0,46,4,20,23,1334.0
1,1,1,0,87,75,144,487.5,46,11,34,43,1520.0
1,1,1,0,72,76,121,428.0,46,6,22,26,1282.0
1,1,1,0,87,83,126,463.5,46,2,18,19,1424.0
1,1,1,0,75,91,133,477.5,46,2,20,22,1480.0
1,1,1,0,94,101,140,525.5,46,4,22,24,1672.0
1,1,1,0,88,79,133,472.5,46,8,21,24,1460.0
1,1,1,0,66,62,97,353.0,45,1,16,17,982.0
1,1,1,0,83,61,120,414.5,46,5,16,18,1228.0
1,1,1,0,90,101,147,535.5,46,6,29,31,1712.0
1,1,1,0,71,71,112,401.5,46,4,16,19,1176.0
1,1,1,0,90,85,119,455.5,46,7,15,19,1392.0
1,1,1,0,86,89,137,493.5,46,3,24,26,1544.0
1,1,1,0,77,75,111,411.5,46,4,24,28,1216.0
1,1,1,0,74,74,128,441.0,46,3,23,26,1334.0
1,1,1,0,92,83,130,476.5,46,8,15,18,1476.0
1,1,1,0,88,98,151,537.0,46,5,40,43,1718.0
1,1,1,0,92,95,142,518.5,46,5,29,32,1644.0
1,1,1,0,90,76,114,432.0,46,4,15,17,1298.0
1,1,1,0,74,74,118,421.0,46,2,16,17,1254.0
1,1,1,0,81,73,133,456.5,46,2,21,23,1396.0
1,1,1,0,68,78,117,419.0,46,2,14,15,1246.0
1,1,1,0,72,87,127,456.5,46,2,20,22,1396.0
1,1,1,0,88,94,127,483.0,46,13,15,18,1502.0
1,1,1,0,69,69,110,392.5,46,2,23,24,1140.0
1,1,1,0,58,58,99,343.0,46,1,11,12,942.0
1,1,1,0,67,67,116,399.5,46,1,15,16,1168.0
1,1,1,0,76,80,115,426.0,46,1,26,27,1274.0
1,1,1,0,73,75,114,413.5,46,2,15,16,1224.0
1,1,1,0,83,68,142,469.0,46,6,45,50,1446.0
1,1,1,0,100,77,137,489.5,46,2,19,20,1528.0
1,1,1,0,91,89,135,494.5,46,6,16,19,1548.0
1,1,1,0,64,60,92,338.0,45,1,14,15,922.0
1,1,1,0,72,71,105,388.5,46,2,15,17,1124.0
1,1,1,0,92,77,135,477.5,46,3,16,18,1480.0
1,1,1,0,75,65,132,436.5,46,2,22,24,1316.0
1,1,1,0,92,74,124,451.0,46,5,27,31,1374.0
1,1,1,0,83,73,111,414.5,46,5,23,26,1228.0
1,1,1,0,63,79,137,455.5,46,5,35,40,1392.0
1,1,1,0,96,83,141,502.5,46,6,41,46,1580.0
1,1,1,0,75,80,137,469.0,46,4,24,27,1446.0
1,1,1,0,92,98,147,533.0,46,10,37,40,1702.0
1,1,1,0,72,72,114,408.0,45,4,15,18,1202.0
1,1,1,0,79,86,129,466.0,46,3,23,25,1434.0
1,1,1,0,79,81,127,454.5,46,4,22,26,1388.0
1,1,1,0,83,79,133,467.5,46,4,17,20,1440.0
1,1,1,0,94,83,143,504.5,46,5,26,29,1588.0
1,1,1,0,74,74,124,433.0,46,2,36,38,1302.0
1,1,1,0,83,83,123,453.5,46,2,30,32,1384.0
1,1,1,0,82,85,116,441.5,46,3,26,28,1336.0
1,1,1,0,90,97,139,513.5,46,6,30,35,1624.0
1,1,1,0,74,80,109,412.0,46,3,15,18,1218.0
1,1,1,0,71,74,132,446.0,46,3,14,16,1354.0
1,1,1,0,69,82,101,394.0,46,2,14,16,1146.0
1,1,1,0,68,72,123,422.0,46,2,19,21,1258.0
1,1,1,0,82,105,152,543.5,46,3,30,32,1744.0
1,1,1,0,77,83,115,431.5,46,4,18,21,1296.0
1,1,1,0,90,101,153,547.5,46,10,28,32,1760.0
1,1,1,0,68,76,123,428.0,46,3,25,28,1282.0
1,1,1,0,85,83,140,489.5,46,4,25,28,1528.0
1,1,1,0,81,76,120,435.0,46,2,14,16,1310.0
1,1,1,0,82,75,138,470.5,46,5,26,31,1452.0
1,1,1,0,66,77,133,447.5,46,2,22,24,1360.0
1,1,1,0,71,66,145,460.0,46,8,19,23,1410.0
1,1,1,0,89,97,148,530.5,46,11,14,17,1692.0
1,1,1,0,89,81,133,476.5,46,4,26,29,1476.0
1,1,1,0,83,74,118,430.0,46,1,15,16,1290.0
1,1,1,0,77,65,121,416.5,46,6,11,15,1236.0
1,1,1,0,62,63,121,398.5,46,2,16,17,1164.0
1,1,1,0,88,64,134,452.0,46,4,38,41,1378.0
1,1,1,0,67,65,103,370.5,45,3,15,17,1052.0
1,1,1,0,85,66,116,416.0,46,2,16,18,1234.0
1,1,1,0,75,72,106,395.0,46,1,14,15,1150.0
1,1,1,0,79,88,130,471.0,46,6,16,21,1454.0
1,1,1,0,78,79,113,422.5,46,3,24,26,1260.0
1,1,1,0,84,70,112,413.0,46,2,14,15,1222.0
1,1,1,0,82,75,137,468.5,46,2,22,23,1444.0
1,1,1,0,89,77,146,496.5,46,11,18,22,1556.0
1,1,1,0,71,79,123,435.5,46,2,22,24,1312.0
1,1,1,0,50,53,85,299.5,40,2,15,16,768.0
1,1,1,0,63,80,113,409.0,45,1,12,13,1206.0
1,1,1,0,73,64,115,399.0,46,2,14,15,1166.0
1,1,1,0,71,76,123,431.0,46,3,18,20,1294.0
1,1,1,0,67,69,118,406.5,46,2,13,15,1196.0
1,1,1,1,78,75,122,434.5,46,0,24,25,1208.0
1,1,1,1,72,67,106,384.5,46,0,13,13,1008.0
1,1,1,1,87,85,143,500.5,46,1,37,37,1472.0
1,1,1,1,81,70,116,418.0,46,0,30,30,1142.0
1,1,1,1,90,84,148,512.0,46,0,31,31,1518.0
1,1,1,1,91,76,123,451.0,46,0,20,20,1274.0
1,1,1,1,72,90,139,485.0,46,0,14,14,1410.0
1,1,1,1,83,80,133,469.0,46,0,27,27,1346.0
1,1,1,1,79,65,122,420.5,46,0,17,17,1152.0
1,1,1,1,83,75,127,449.5,46,0,29,30,1268.0
1,1,1,1,81,74,107,406.0,46,0,19,19,1094.0
1,1,1,1,98,90,142,517.0,46,0,24,24,1538.0
1,1,1,1,73,67,120,413.5,46,0,23,23,1124.0
1,1,1,1,56,62,85,319.0,45,0,12,12,746.0
1,1,1,1,85,84,148,507.0,45,0,23,23,1498.0
1,1,1,1,81,91,155,527.5,46,1,44,44,1580.0
1,1,1,1,82,84,125,458.0,46,1,43,43,1302.0
1,1,1,1,85,84,137,485.0,46,0,29,29,1410.0
1,1,1,1,82,93,149,519.5,46,0,39,39,1548.0
1,1,1,1,77,83,124,449.5,46,0,23,23,1268.0
1,1,1,1,75,79,135,463.5,46,1,25,26,1324.0
1,1,1,1,75,81,141,478.5,46,0,29,29,1384.0
1,1,1,1,103,95,162,569.5,46,0,23,23,1748.0
1,1,1,1,85,78,145,492.0,46,0,20,21,1438.0
1,1,1,1,70,77,124,433.5,46,0,28,28,1204.0
1,1,1,1,98,80,145,508.0,46,0,44,44,1502.0
1,1,1,1,67,68,121,411.0,45,0,17,17,1114.0
1,1,1,1,80,71,100,386.5,46,0,14,14,1016.0
1,1,1,1,99,84,135,495.0,46,0,29,29,1450.0
1,1,1,1,84,77,140,479.5,46,0,21,21,1388.0
1,1,1,1,60,61,109,369.5,46,0,17,17,948.0
1,1,1,1,72,90,112,431.0,46,0,16,16,1194.0
1,1,1,1,85,88,125,467.0,46,0,17,17,1338.0
1,1,1,1,84,76,136,470.0,46,0,30,30,1350.0
1,1,1,1,72,74,121,425.0,46,0,19,19,1170.0
1,1,1,1,90,95,159,550.5,46,0,29,29,1672.0
1,1,1,1,76,83,124,448.5,46,0,16,16,1264.0
1,1,1,1,69,78,122,430.0,46,0,27,27,1190.0
1,1,1,1,57,68,124,407.0,46,0,23,24,1098.0
1,1,1,1,93,93,133,498.5,46,0,21,22,1464.0
1,1,1,1,86,81,117,441.5,46,0,18,19,1236.0
1,1,1,1,71,86,128,456.0,46,0,21,21,1294.0
1,1,1,1,85,100,149,533.0,46,1,42,43,1602.0
1,1,1,1,101,103,132,519.5,46,0,18,18,1548.0
1,1,1,1,76,74,114,415.0,46,0,16,16,1130.0
1,1,1,1,72,74,123,429.0,46,0,14,15,1186.0
1,1,1,1,67,77,122,426.5,46,0,15,15,1176.0
1,1,1,1,69,60,91,341.0,46,0,16,16,834.0
1,1,1,1,68,52,100,346.0,46,0,14,14,854.0
1,1,1,1,64,55,111,368.5,46,0,16,17,944.0
1,1,1,1,81,88,131,475.0,46,0,22,23,1370.0
1,1,1,1,68,51,93,330.5,45,0,19,19,792.0
1,1,1,1,68,74,127,433.0,46,0,27,27,1202.0
1,1,1,1,62,71,127,422.5,46,0,18,18,1160.0
1,1,1,1,74,75,120,426.5,46,0,16,16,1176.0
1,1,1,1,72,58,122,403.0,46,0,17,17,1082.0
1,1,1,1,95,76,153,515.0,46,0,33,33,1530.0
1,1,1,1,80,77,138,471.5,46,0,28,28,1356.0
1,1,1,1,93,92,138,507.0,46,0,29,29,1498.0
1,1,1,1,65,70,115,400.0,46,0,17,17,1070.0
1,1,1,1,65,79,116,415.5,46,1,16,17,1132.0
1,1,1,1,81,83,140,485.5,46,0,14,14,1412.0
1,1,1,1,87,109,149,548.5,46,1,59,59,1664.0
1,1,1,1,55,64,98,347.0,45,0,12,12,858.0
1,1,1,1,68,73,112,401.5,46,1,29,30,1076.0
1,1,1,1,77,74,116,420.0,46,0,17,17,1150.0
1,1,1,1,82,81,123,449.5,46,0,24,24,1268.0
1,1,1,1,77,86,127,460.0,46,0,31,32,1310.0
1,1,1,1,77,78,116,426.0,45,0,24,24,1174.0
1,1,1,1,92,65,142,473.5,46,1,33,34,1364.0
1,1,1,1,91,94,133,498.0,46,0,24,24,1462.0
1,1,1,1,78,85,128,461.5,46,0,25,25,1316.0
1,1,1,1,61,59,95,339.5,45,1,17,17,828.0
1,1,1,1,78,100,151,530.0,46,1,49,49,1590.0
1,1,1,1,86,100,148,532.0,46,0,15,16,1598.0
1,1,1,1,90,88,134,490.0,46,0,38,38,1430.0
1,1,1,1,72,76,125,436.0,46,0,13,14,1214.0
1,1,1,1,72,68,113,400.0,46,0,21,21,1070.0
1,1,1,1,67,65,114,392.5,46,0,17,17,1040.0
1,1,1,1,77,97,136,494.5,46,0,55,55,1448.0
1,1,1,1,88,87,138,494.5,46,1,42,43,1448.0
1,1,1,1,69,71,120,415.5,46,1,19,20,1132.0
1,1,1,1,84,90,140,499.0,46,1,56,57,1466.0
1,1,1,1,76,77,125,441.5,46,1,25,25,1236.0
1,1,1,1,97,96,155,551.0,46,0,24,24,1674.0
1,1,1,1,66,85,121,435.5,46,1,39,39,1212.0
1,1,1,1,85,82,145,498.0,46,0,33,33,1462.0
1,1,1,1,89,81,140,490.5,46,0,28,28,1432.0
1,1,1,1,73,79,135,461.5,45,1,23,24,1316.0
1,1,1,1,74,63,113,394.5,46,0,14,15,1048.0
1,1,1,1,52,71,111,380.5,46,0,24,24,992.0
1,1,1,1,83,88,151,517.0,46,0,37,37,1538.0
1,1,1,1,78,79,135,466.5,46,0,28,28,1336.0
1,1,1,1,72,72,135,450.0,46,1,27,27,1270.0
1,1,1,1,81,75,122,437.5,45,1,60,60,1220.0
1,1,1,1,75,70,113,406.0,46,0,21,21,1094.0
1,1,1,1,86,74,116,429.0,46,1,28,29,1186.0
1,1,1,1,91,106,152,554.0,46,0,47,47,1686.0
1,1,1,1,88,88,139,498.0,46,1,37,37,1462.0
1,1,1,1,70,58,106,369.0,46,0,18,18,946.0
1,1,1,1,77,78,136,466.0,46,0,24,25,1334.0
1,1,1,1,70,65,102,371.5,46,0,15,15,956.0
1,1,1,1,91,69,136,466.5,46,0,22,22,1336.0
1,1,1,1,87,97,149,530.5,46,0,16,16,1592.0
1,1,1,1,85,82,136,480.0,46,1,24,25,1390.0
1,1,1,1,104,100,156,566.0,46,1,20,21,1734.0
1,1,1,1,72,57,100,357.5,46,0,25,25,900.0
1,1,1,1,95,87,157,539.5,46,0,37,37,1628.0
1,1,1,1,76,70,124,429.0,46,0,22,22,1186.0
1,1,1,1,91,90,155,536.0,46,1,34,34,1614.0
1,1,1,1,85,84,140,491.0,45,0,25,25,1434.0
1,1,1,1,68,71,134,442.5,46,0,26,26,1240.0
1,1,1,1,80,92,125,468.0,46,1,26,27,1342.0
1,1,1,1,76,79,110,414.5,46,0,19,19,1128.0
1,1,1,1,77,54,105,368.0,46,0,18,18,942.0
1,1,1,1,55,56,87,313.0,38,0,11,11,722.0
1,1,1,1,74,82,133,463.0,46,0,22,23,1322.0
1,1,1,1,63,71,101,371.5,45,0,14,15,956.0
1,1,1,1,63,61,118,390.5,46,0,15,15,1032.0
1,1,1,1,72,76,108,402.0,46,0,31,31,1078.0
1,1,1,1,67,76,125,431.0,46,0,21,21,1194.0
1,1,1,1,63,57,103,354.5,45,0,17,18,888.0
1,1,1,1,77,84,135,473.0,46,1,28,28,1362.0
1,1,1,1,82,90,115,447.0,46,0,32,32,1258.0
1,1,1,1,69,62,115,392.0,46,0,21,21,1038.0
1,1,1,1,71,76,118,421.0,45,0,34,34,1154.0
1,1,1,1,98,100,147,542.0,45,1,29,30,1638.0
1,1,1,1,62,83,137,460.5,46,0,12,12,1312.0
1,1,1,1,87,78,136,476.0,46,0,19,19,1374.0
1,1,1,1,114,87,158,560.5,46,1,24,24,1712.0
1,1,1,1,80,96,121,466.0,46,0,24,24,1334.0
1,1,1,1,75,69,140,458.5,46,0,22,22,1304.0
1,1,1,1,78,71,118,420.5,46,0,23,23,1152.0
1,1,1,1,80,74,123,437.0,46,0,17,17,1218.0
1,1,1,1,80,86,140,489.0,46,0,30,30,1426.0
1,1,1,1,111,98,164,586.0,46,0,26,26,1814.0
1,1,1,1,74,81,130,455.5,46,0,20,21,1292.0
1,1,1,1,54,72,109,380.0,45,0,14,14,990.0
1,1,1,1,63,90,117,432.0,46,0,35,35,1198.0
1,1,1,1,89,86,150,518.0,46,0,31,31,1542.0
1,1,1,1,86,82,131,471.0,46,0,13,13,1354.0
1,1,1,1,81,60,118,407.0,46,0,18,18,1098.0
1,1,1,1,85,83,139,487.5,46,0,29,29,1420.0
1,1,1,1,72,72,114,408.0,46,0,19,19,1102.0
1,1,1,1,74,86,102,407.0,46,0,26,26,1098.0
1,1,1,1,66,74,113,403.0,46,0,21,22,1082.0
1,1,1,1,85,95,129,485.5,46,0,28,29,1412.0
1,1,1,1,70,72,114,406.0,46,0,19,19,1094.0
1,1,1,1,86,96,143,516.0,46,0,19,19,1534.0
1,1,1,1,93,83,137,491.5,46,1,30,30,1436.0
1,1,2,0,81,83,124,453.5,46,0,28,28,1264.0
1,1,2,0,99,89,141,514.5,46,1,33,33,1508.0
1,1,2,0,90,80,133,476.0,46,0,27,27,1354.0
1,1,2,0,96,103,171,592.5,51,1,37,38,1820.0
1,1,2,0,70,68,108,388.0,46,0,22,22,1002.0
1,1,2,0,105,85,148,528.5,46,1,52,52,1564.0
1,1,2,0,94,86,124,471.0,46,0,22,22,1334.0
1,1,2,0,105,91,153,547.5,45,1,32,33,1640.0
1,1,2,0,94,79,147,506.5,46,0,30,30,1476.0
1,1,2,0,57,59,106,357.5,45,0,14,14,880.0
1,1,2,0,67,55,109,367.5,46,0,22,23,920.0
1,1,2,0,80,74,121,433.0,46,0,14,14,1182.0
1,1,2,0,88,77,119,441.5,46,0,14,15,1216.0
1,1,2,0,76,72,132,448.0,46,1,23,24,1242.0
1,1,2,0,60,76,111,396.0,46,0,21,21,1034.0
1,1,2,0,97,100,153,553.0,45,1,39,39,1662.0
1,1,2,0,89,76,137,477.0,46,1,42,43,1358.0
1,1,2,0,81,87,149,509.5,46,0,23,23,1488.0
1,1,2,0,86,95,138,504.5,46,1,18,18,1468.0
1,1,2,0,67,82,126,442.0,46,0,21,21,1218.0
1,1,2,0,85,81,150,506.5,46,0,33,33,1476.0
1,1,2,0,86,98,160,553.0,46,0,38,38,1662.0
1,1,2,0,83,69,124,434.5,46,0,11,11,1188.0
1,1,2,0,79,75,132,455.5,46,0,22,22,1272.0
1,1,2,0,94,91,146,522.5,46,1,21,22,1540.0
1,1,2,0,92,95,137,508.5,46,0,10,10,1484.0
1,1,2,0,74,77,128,445.5,46,0,20,21,1232.0
1,1,2,0,101,83,146,517.5,46,0,25,25,1520.0
1,1,2,0,80,82,141,485.0,46,0,32,32,1390.0
1,1,2,0,96,91,147,526.5,46,0,20,20,1556.0
1,1,2,0,85,81,139,484.5,46,0,19,19,1388.0
1,1,2,0,77,77,118,428.5,46,0,24,24,1164.0
1,1,2,0,73,69,127,430.5,46,0,15,15,1172.0
1,1,2,0,89,97,169,572.5,46,0,18,18,1740.0
1,1,2,0,80,93,127,473.5,46,0,18,18,1344.0
1,1,2,0,77,90,143,498.0,46,0,19,20,1442.0
1,1,2,0,77,82,141,482.0,46,1,51,52,1378.0
1,1,2,0,70,61,113,387.5,44,0,18,18,1000.0
1,1,2,0,95,77,131,472.5,46,1,20,21,1340.0
1,1,2,0,93,95,153,541.5,46,1,61,62,1616.0
1,1,2,0,86,81,132,471.5,46,0,26,27,1336.0
1,1,2,0,62,70,97,361.0,46,0,17,17,894.0
1,1,2,0,84,76,125,448.0,46,0,31,31,1242.0
1,1,2,0,74,70,110,399.0,46,0,16,16,1046.0
1,1,2,0,111,95,170,593.5,46,1,59,59,1824.0
1,1,2,0,113,100,162,587.0,46,0,28,29,1798.0
1,1,2,0,71,72,109,397.0,46,0,27,27,1038.0
1,1,2,0,77,68,127,433.0,46,0,21,21,1182.0
1,1,2,0,99,95,166,573.5,46,0,31,31,1744.0
1,1,2,0,92,82,134,483.0,46,0,32,32,1382.0
1,1,2,0,87,92,140,505.0,46,0,26,27,1470.0
1,1,2,0,70,75,120,422.5,46,0,17,17,1140.0
1,1,2,0,86,85,140,493.5,46,0,42,43,1424.0
1,1,2,0,91,84,140,497.0,46,0,27,27,1438.0
1,1,2,0,66,75,118,414.5,46,0,20,20,1108.0
1,1,2,0,93,79,142,495.5,46,0,22,23,1432.0
1,1,2,0,61,71,114,395.5,46,0,18,18,1032.0
1,1,2,0,84,91,125,470.5,46,0,16,17,1332.0
1,1,2,0,95,104,137,525.0,46,0,33,33,1550.0
1,1,2,0,91,89,127,478.5,46,0,23,23,1364.0
1,1,2,0,67,69,101,372.5,46,0,23,23,940.0
1,1,2,0,74,83,122,442.5,46,0,24,24,1220.0
1,1,2,0,67,68,103,375.0,46,0,13,13,950.0
1,1,2,0,84,100,159,552.0,46,0,26,26,1658.0
1,1,2,0,71,53,112,374.5,46,0,14,15,948.0
1,1,2,0,91,82,142,498.0,46,0,25,25,1442.0
1,1,2,0,99,83,153,529.5,46,0,50,50,1568.0
1,1,2,0,100,99,146,540.5,46,1,46,46,1612.0
1,1,2,0,94,89,144,515.5,46,1,58,58,1512.0
1,1,2,0,80,95,157,536.5,46,1,34,34,1596.0
1,1,2,0,82,74,127,447.0,46,0,20,20,1238.0
1,1,2,0,56,60,111,368.0,45,0,16,16,922.0
1,1,2,0,96,108,150,558.0,46,1,34,34,1682.0
1,1,2,0,61,69,110,384.5,46,0,27,27,988.0
1,1,2,0,66,82,114,417.0,46,0,19,19,1118.0
1,1,2,0,61,54,105,352.0,45,0,18,18,858.0
1,1,2,0,73,77,119,426.5,46,0,25,25,1156.0
1,1,2,0,82,84,133,474.0,46,0,35,35,1346.0
1,1,2,0,69,90,145,494.0,46,0,31,31,1426.0
1,1,2,0,78,81,110,419.5,46,0,13,13,1128.0
1,1,2,0,89,78,125,456.0,46,0,22,22,1274.0
1,1,2,0,94,93,152,537.5,46,0,30,30,1600.0
1,1,2,0,76,77,128,447.5,46,0,26,26,1240.0
1,1,2,0,73,74,119,422.0,46,0,32,32,1138.0
1,1,2,0,92,78,140,489.0,46,0,19,19,1406.0
1,1,2,0,86,82,144,497.0,46,0,36,36,1438.0
1,1,2,0,102,102,144,543.0,46,0,39,39,1622.0
1,1,2,0,92,80,134,480.0,46,0,21,21,1370.0
1,1,2,0,90,84,145,506.0,46,0,39,39,1474.0
1,1,2,0,71,80,108,407.0,46,0,16,16,1078.0
1,1,2,0,58,57,97,337.5,45,0,19,19,800.0
1,1,2,0,77,89,144,498.5,46,0,27,27,1444.0
1,1,2,0,67,67,107,381.5,45,0,15,15,976.0
1,1,2,0,56,67,105,366.5,46,0,23,23,916.0
1,1,2,0,99,92,145,527.0,46,0,51,51,1558.0
1,1,2,0,66,60,101,358.0,46,0,14,14,882.0
1,1,2,0,73,76,107,401.0,45,0,17,17,1054.0
1,1,2,0,69,72,107,391.0,46,0,14,14,1014.0
1,1,2,0,60,71,103,372.5,46,0,20,20,940.0
1,1,2,0,88,85,145,505.5,46,0,20,20,1472.0
1,1,2,0,92,83,139,494.5,45,0,28,29,1428.0
1,1,2,0,70,68,112,396.0,46,0,25,25,1034.0
1,1,2,0,100,96,144,532.0,46,0,22,22,1578.0
1,1,2,0,98,85,141,507.5,46,1,22,22,1480.0
1,1,2,0,95,91,151,533.5,46,0,53,53,1584.0
1,1,2,0,70,79,116,420.5,45,0,16,16,1132.0
1,1,2,0,81,78,129,456.0,46,0,20,20,1274.0
1,1,2,0,74,63,117,402.5,45,0,16,16,1060.0
1,1,2,0,77,76,105,401.0,46,0,16,17,1054.0
1,1,2,0,69,63,112,387.5,46,0,15,15,1000.0
1,1,2,0,95,91,129,489.5,46,0,22,23,1408.0
1,1,2,0,73,81,135,464.5,46,0,19,19,1308.0
1,1,2,0,94,89,153,533.5,45,1,38,39,1584.0
1,1,2,0,89,82,144,500.0,46,0,23,23,1450.0
1,1,2,0,70,79,131,450.5,46,0,14,15,1252.0
1,1,2,0,82,80,132,466.0,46,1,17,17,1314.0
1,1,2,0,92,85,139,497.5,46,0,44,44,1440.0
1,1,2,0,81,82,135,474.0,46,1,28,28,1346.0
1,1,2,0,77,85,135,474.5,46,0,27,27,1348.0
1,1,2,0,76,85,139,481.5,46,0,32,32,1376.0
1,1,2,0,86,99,130,494.5,45,0,47,47,1428.0
1,1,2,0,88,74,110,419.0,46,0,13,13,1126.0
1,1,2,0,70,55,101,354.5,46,0,13,13,868.0
1,1,2,0,92,85,124,467.5,46,1,29,30,1320.0
1,1,2,0,78,81,133,465.5,46,0,38,38,1312.0
1,1,2,0,83,75,124,443.5,46,0,19,19,1224.0
1,1,2,0,84,87,147,508.5,46,1,20,21,1484.0
1,1,2,0,70,71,100,376.5,46,0,18,18,956.0
1,1,2,0,70,77,135,455.5,46,0,34,35,1272.0
1,1,2,0,78,68,126,432.0,46,0,27,28,1178.0
1,1,2,0,80,73,125,439.5,46,0,19,19,1208.0
1,1,2,0,74,70,109,397.0,46,0,12,12,1038.0
1,1,2,0,67,52,112,369.0,46,0,17,18,926.0
1,1,2,0,77,78,133,460.0,46,1,24,25,1290.0
1,1,2,0,64,69,102,371.5,45,0,20,20,936.0
1,1,2,0,93,103,160,567.5,46,1,50,50,1720.0
1,1,2,0,76,82,121,441.0,46,0,22,22,1214.0
1,1,2,0,95,87,116,457.5,46,0,20,20,1280.0
1,1,2,0,80,71,134,454.5,46,0,35,36,1268.0
1,1,2,0,69,78,126,438.0,46,0,18,18,1202.0
1,1,2,0,91,86,137,494.0,45,1,48,49,1426.0
1,1,2,0,90,96,148,530.0,46,1,33,33,1570.0
1,1,2,0,69,66,126,420.0,46,0,26,26,1130.0
1,1,2,0,86,77,153,507.5,46,1,47,47,1480.0
1,1,2,0,102,78,141,501.0,46,0,26,26,1454.0
1,1,2,0,101,94,154,550.0,46,0,37,37,1650.0
1,1,2,0,70,84,128,452.0,46,0,24,24,1258.0
1,1,2,0,71,72,93,365.0,46,0,15,15,910.0
1,1,2,0,111,99,162,583.5,47,1,38,39,1784.0
1,1,2,0,71,66,128,426.0,45,0,21,21,1154.0
1,1,2,1,72,81,128,449.5,46,0,27,27,1148.0
1,1,2,1,64,61,116,387.5,46,0,30,30,900.0
1,1,2,1,86,75,138,474.5,46,0,24,24,1248.0
1,1,2,1,86,83,133,476.5,46,0,14,14,1256.0
1,1,2,1,95,99,142,527.5,46,0,30,30,1460.0
1,1,2,1,60,66,103,365.0,46,0,20,20,810.0
1,1,2,1,76,75,130,448.5,46,0,29,29,1144.0
1,1,2,1,101,103,146,547.5,46,0,35,35,1540.0
1,1,2,1,69,87,110,419.5,46,0,24,24,1028.0
1,1,2,1,81,91,124,465.5,46,0,13,13,1212.0
1,1,2,1,79,72,120,427.0,46,0,17,17,1058.0
1,1,2,1,72,77,135,457.5,46,0,21,21,1180.0
1,1,2,1,78,90,145,503.0,46,0,24,24,1362.0
1,1,2,1,66,89,123,445.5,46,0,28,28,1132.0
1,1,2,1,88,93,161,549.5,46,0,27,27,1548.0
1,1,2,1,69,75,108,397.5,46,0,18,18,940.0
1,1,2,1,79,97,146,516.5,46,0,34,34,1416.0
1,1,2,1,72,62,122,409.0,46,0,19,19,986.0
1,1,2,1,83,59,109,389.5,46,0,14,14,908.0
1,1,2,1,68,70,126,425.0,46,0,24,25,1050.0
1,1,2,1,71,79,124,437.5,45,0,19,19,1100.0
1,1,2,1,58,70,103,369.0,46,0,20,20,826.0
1,1,2,1,85,94,131,488.0,46,0,41,41,1302.0
1,1,2,1,95,73,148,500.5,46,0,48,48,1352.0
1,1,2,1,90,91,119,464.5,46,0,24,24,1208.0
1,1,2,1,93,93,148,528.5,46,0,38,39,1464.0
1,1,2,1,77,75,108,405.5,46,0,18,18,972.0
1,1,2,1,74,70,119,417.0,46,0,25,25,1018.0
1,1,2,1,102,88,144,522.0,46,0,22,22,1438.0
1,1,2,1,67,70,110,392.0,46,0,21,21,918.0
1,1,2,1,100,96,164,572.0,46,0,42,42,1638.0
1,1,2,1,77,71,141,465.5,46,0,41,41,1212.0
1,1,2,1,77,72,124,433.0,46,0,28,28,1082.0
1,1,2,1,78,78,127,449.0,46,0,32,32,1146.0
1,1,2,1,85,76,112,423.0,45,0,19,19,1042.0
1,1,2,1,74,84,118,436.0,46,0,25,25,1094.0
1,1,2,1,107,93,154,554.5,46,0,27,28,1568.0
1,1,2,1,93,73,143,488.5,46,0,46,46,1304.0
1,1,2,1,67,73,110,396.5,46,0,18,18,936.0
1,1,2,1,73,80,131,455.0,46,0,44,44,1170.0
1,1,2,1,85,86,160,534.0,45,0,25,25,1486.0
1,1,2,1,81,84,118,443.0,46,0,18,18,1122.0
1,1,2,1,92,77,135,477.5,46,0,24,24,1260.0
1,1,2,1,96,89,148,525.5,46,0,40,40,1452.0
1,1,2,1,96,87,175,576.5,46,0,28,28,1656.0
1,1,2,1,104,86,140,513.0,46,0,29,30,1402.0
1,1,2,1,65,73,136,446.5,46,0,29,29,1136.0
1,1,2,1,61,69,106,376.5,46,0,18,18,856.0
1,1,2,1,63,59,124,399.5,46,0,24,24,948.0
1,1,2,1,68,66,112,391.0,46,0,20,20,914.0
1,1,2,1,83,89,130,476.5,46,0,28,28,1256.0
1,1,2,1,66,72,106,386.0,46,0,14,14,894.0
1,1,2,1,97,99,147,539.5,46,0,56,56,1508.0
1,1,2,1,65,52,110,363.0,46,0,16,16,802.0
1,1,2,1,99,119,165,607.5,46,0,36,36,1780.0
1,1,2,1,78,79,121,438.5,46,0,20,20,1104.0
1,1,2,1,72,75,126,436.5,46,0,20,20,1096.0
1,1,2,1,73,87,131,465.5,46,0,20,20,1212.0
1,1,2,1,90,96,145,524.0,46,0,22,22,1446.0
1,1,2,1,68,81,114,417.5,46,0,26,26,1020.0
1,1,2,1,81,82,131,466.0,46,0,24,24,1214.0
1,1,2,1,75,79,125,443.5,46,0,36,36,1124.0
1,1,2,1,63,68,114,393.0,46,0,24,24,922.0
1,1,2,1,86,89,116,451.5,46,0,22,22,1156.0
1,1,2,1,66,76,135,450.0,46,0,13,13,1150.0
1,1,2,1,108,117,154,591.5,46,0,50,50,1716.0
1,1,2,1,83,77,134,466.5,46,0,48,48,1216.0
1,1,2,1,68,78,108,401.0,46,0,17,17,954.0
1,1,2,1,96,88,133,494.0,46,0,24,24,1326.0
1,1,2,1,69,72,113,403.0,46,0,25,25,962.0
1,1,2,1,82,88,126,466.0,46,0,16,16,1214.0
1,1,2,1,103,94,157,558.0,46,0,34,34,1582.0
1,1,2,1,59,67,106,371.5,46,0,15,15,836.0
1,1,2,1,65,68,97,361.0,46,0,21,21,794.0
1,1,2,1,85,83,129,467.5,46,0,21,21,1220.0
1,1,2,1,59,72,103,373.0,44,0,21,21,842.0
1,1,2,1,91,78,139,486.0,46,0,41,41,1294.0
1,1,2,1,79,67,100,379.5,46,0,19,19,868.0
1,1,2,1,73,73,98,378.5,46,0,13,13,864.0
1,1,2,1,50,68,105,362.0,46,0,17,17,798.0
1,1,2,1,86,80,139,484.0,46,0,37,37,1286.0
1,1,2,1,102,96,172,590.0,46,0,32,32,1710.0
1,1,2,1,96,99,165,574.5,46,0,37,37,1648.0
1,1,2,1,74,62,137,441.0,45,0,19,19,1114.0
1,1,2,1,78,65,123,421.5,46,0,22,22,1036.0
1,1,2,1,81,74,111,414.0,46,0,30,30,1006.0
1,1,2,1,64,75,113,402.5,46,0,19,19,960.0
1,1,2,1,66,76,112,404.0,46,0,28,28,966.0
1,1,2,1,96,112,169,602.0,46,0,36,36,1758.0
1,1,2,1,55,64,105,361.0,46,0,18,18,794.0
1,1,2,1,80,82,103,409.0,46,0,16,16,986.0
1,1,2,1,85,101,143,522.5,46,0,56,56,1440.0
1,1,2,1,67,74,101,380.0,45,0,16,16,870.0
1,1,2,1,97,85,143,510.5,46,0,24,24,1392.0
1,1,2,1,82,76,117,430.0,46,0,12,12,1070.0
1,1,2,1,84,81,122,449.5,46,0,24,24,1148.0
1,1,2,1,106,114,171,619.0,46,0,49,49,1826.0
1,1,2,1,67,77,137,456.5,45,0,30,30,1176.0
1,1,2,1,60,73,116,401.5,46,0,28,28,956.0
1,1,2,1,90,74,104,409.0,45,0,20,20,986.0
1,1,2,1,75,83,129,457.5,46,0,27,27,1180.0
1,1,2,1,85,94,143,512.0,46,0,36,36,1398.0
1,1,2,1,86,87,141,498.5,46,0,22,22,1344.0
1,1,2,1,72,68,103,380.0,46,0,22,22,870.0
1,1,2,1,86,86,145,505.0,46,0,21,21,1370.0
1,1,2,1,86,74,111,419.0,46,0,22,22,1026.0
1,1,2,1,73,82,117,430.0,46,0,19,19,1070.0
1,1,2,1,83,78,131,462.0,46,0,19,19,1198.0
1,1,2,1,96,89,146,521.5,46,0,41,41,1436.0
1,1,2,1,86,105,141,525.5,46,0,39,39,1452.0
1,1,2,1,75,80,121,437.0,46,0,37,37,1098.0
1,1,2,1,91,95,136,505.5,46,0,37,37,1372.0
1,1,2,1,67,58,87,328.0,45,0,18,18,662.0
1,1,2,1,94,91,140,510.5,46,0,27,27,1392.0
1,1,2,1,103,88,139,513.0,46,0,31,31,1402.0
1,1,2,1,68,78,134,453.0,46,0,20,20,1162.0
1,1,2,1,79,83,118,439.5,46,0,24,24,1108.0
1,1,2,1,90,77,143,491.5,46,0,46,46,1316.0
1,1,2,1,75,75,119,425.5,45,0,19,19,1052.0
1,1,2,1,85,98,134,500.0,46,0,17,17,1350.0
1,1,2,1,98,83,149,520.5,46,0,26,26,1432.0
1,1,2,1,80,77,136,467.5,46,0,19,19,1220.0
1,1,2,1,83,73,134,460.5,46,0,33,33,1192.0
1,1,2,1,79,78,125,446.0,46,0,21,21,1134.0
1,1,2,1,95,103,156,561.5,46,0,32,32,1596.0
1,1,2,1,64,66,112,387.0,46,0,18,18,898.0
1,1,2,1,84,93,139,501.5,46,0,21,21,1356.0
1,1,2,1,69,85,128,452.5,46,0,19,19,1160.0
1,1,2,1,68,59,115,386.5,46,0,22,22,896.0
1,1,2,1,73,89,148,502.5,46,0,21,21,1360.0
1,1,2,1,83,86,132,476.0,46,0,17,17,1254.0
1,1,2,1,83,80,114,431.0,46,0,26,27,1074.0
1,1,2,1,63,62,109,374.0,46,0,17,17,846.0
1,1,2,1,76,75,141,470.5,46,0,26,26,1232.0
1,1,2,1,87,110,144,540.0,46,0,49,49,1510.0
1,1,2,1,91,85,150,518.5,46,0,54,54,1424.0
1,1,2,1,54,55,75,286.5,41,0,14,14,496.0
1,1,2,1,70,63,112,388.5,46,0,18,18,904.0
1,1,2,1,71,64,106,379.0,46,0,19,19,866.0
1,1,2,1,76,84,130,462.0,46,0,16,16,1198.0
1,1,2,1,84,81,133,471.5,46,0,21,21,1236.0
1,1,2,1,58,68,108,376.0,46,0,12,12,854.0
1,1,2,1,76,82,125,449.0,46,0,28,28,1146.0
1,1,2,1,91,113,164,588.5,46,0,45,45,1704.0
1,1,2,1,62,81,113,409.5,45,0,14,14,988.0
1,1,2,1,79,74,128,446.0,46,0,22,22,1134.0
1,1,2,1,107,104,163,589.0,46,0,41,41,1706.0
1,1,2,1,88,89,134,489.5,46,0,17,17,1308.0
1,1,2,1,68,68,124,418.0,46,0,16,16,1022.0
1,1,2,1,76,97,138,497.5,45,0,31,31,1340.0
2,0,1,0,74,80,121,436.0,46,4,13,15,1284.0
2,0,1,0,81,102,140,514.0,46,7,11,13,1596.0
2,0,1,0,86,89,128,475.5,46,3,8,10,1442.0
2,0,1,0,71,80,105,401.0,46,2,8,9,1144.0
2,0,1,0,60,74,108,387.0,46,1,8,9,1088.0
2,0,1,0,95,76,126,461.0,46,3,10,12,1384.0
2,0,1,0,101,102,177,608.0,46,10,14,18,1972.0
2,0,1,0,81,84,135,477.0,46,6,18,21,1448.0
2,0,1,0,85,83,111,431.5,46,4,9,12,1266.0
2,0,1,0,85,80,121,447.0,46,2,9,10,1328.0
2,0,1,0,81,101,139,510.5,46,8,8,13,1582.0
2,0,1,0,56,77,122,415.5,46,5,9,13,1202.0
2,0,1,0,68,68,105,380.0,46,2,8,10,1060.0
2,0,1,0,71,68,110,393.0,46,3,11,13,1112.0
2,0,1,0,112,103,176,618.5,51,4,16,18,2014.0
2,0,1,0,59,67,128,415.5,46,3,11,13,1202.0
2,0,1,0,77,84,150,503.0,46,11,25,36,1552.0
2,0,1,0,71,92,151,511.0,46,7,13,17,1584.0
2,0,1,0,94,82,150,517.0,46,7,18,22,1608.0
2,0,1,0,85,96,126,481.0,46,10,16,26,1464.0
2,0,1,0,62,57,112,371.5,46,2,14,16,1026.0
2,0,1,0,62,80,114,410.0,46,2,10,11,1180.0
2,0,1,0,84,90,156,531.0,46,6,10,13,1664.0
2,0,1,0,85,107,153,551.5,46,5,25,28,1746.0
2,0,1,0,81,108,142,527.0,46,3,12,13,1648.0
2,0,1,0,65,74,117,410.0,46,3,9,11,1180.0
2,0,1,0,81,67,121,423.5,46,3,9,11,1234.0
2,0,1,0,81,76,129,453.0,45,4,8,10,1352.0
2,0,1,0,67,62,116,392.0,46,2,9,11,1108.0
2,0,1,0,86,66,122,429.0,46,3,13,16,1256.0
2,0,1,0,83,79,126,453.5,46,8,8,10,1354.0
2,0,1,0,71,72,103,385.0,46,3,8,9,1080.0
2,0,1,0,81,96,140,505.0,46,7,22,27,1560.0
2,0,1,0,76,85,126,455.5,46,7,11,13,1362.0
2,0,1,0,70,76,124,432.0,46,3,8,11,1268.0
2,0,1,0,95,97,143,526.5,46,10,18,26,1646.0
2,0,1,0,68,72,129,434.0,46,3,8,10,1276.0
2,0,1,0,73,73,124,430.5,46,4,15,18,1262.0
2,0,1,0,81,87,133,477.5,46,2,9,10,1450.0
2,0,1,0,79,89,148,508.5,46,5,8,11,1574.0
2,0,1,0,106,90,169,579.0,46,18,17,30,1856.0
2,0,1,0,87,74,119,436.0,46,3,12,14,1284.0
2,0,1,0,90,103,151,546.5,46,10,18,24,1726.0
2,0,1,0,93,88,151,527.0,46,5,14,18,1648.0
2,0,1,0,78,88,145,500.0,46,5,13,16,1540.0
2,0,1,0,82,90,133,483.0,46,3,11,13,1472.0
2,0,1,0,100,75,135,482.5,46,8,9,16,1470.0
2,0,1,0,71,69,105,384.5,45,5,10,15,1078.0
2,0,1,0,69,73,130,438.5,46,3,17,20,1294.0
2,0,1,0,79,88,151,513.0,46,6,14,20,1592.0
2,0,1,0,81,93,133,486.5,46,3,10,13,1486.0
2,0,1,0,94,103,161,570.5,46,5,20,23,1822.0
2,0,1,0,66,63,102,364.5,45,2,13,15,998.0
2,0,1,0,83,74,111,416.0,46,4,12,16,1204.0
2,0,1,0,61,68,118,399.0,46,2,9,10,1136.0
2,0,1,0,85,94,136,498.0,46,3,18,19,1532.0
2,0,1,0,83,87,145,503.5,46,7,14,18,1554.0
2,0,1,0,91,95,155,543.5,46,8,14,20,1714.0
2,0,1,0,66,61,117,391.5,46,3,10,12,1106.0
2,0,1,0,88,84,150,514.0,46,2,9,10,1596.0
2,0,1,0,85,77,117,434.5,46,5,13,18,1278.0
2,0,1,0,86,86,128,471.0,46,4,8,10,1424.0
2,0,1,0,85,77,141,482.5,45,13,17,29,1470.0
2,0,1,0,62,61,111,375.5,46,2,8,10,1042.0
2,0,1,0,76,70,112,405.0,46,1,8,9,1160.0
2,0,1,0,86,66,113,411.0,45,3,8,10,1184.0
2,0,1,0,63,60,110,373.0,46,2,10,11,1032.0
2,0,1,0,86,102,149,537.0,45,7,11,16,1688.0
2,0,1,0,71,72,112,403.0,46,3,11,14,1152.0
2,0,1,0,109,101,150,560.5,46,11,9,18,1782.0
2,0,1,0,59,42,89,300.0,45,1,7,9,740.0
2,0,1,0,60,69,100,363.5,46,2,8,9,994.0
2,0,1,0,70,74,117,415.0,46,3,9,11,1200.0
2,0,1,0,75,83,119,437.5,46,7,15,21,1290.0
2,0,1,0,52,60,96,334.0,45,2,10,12,876.0
2,0,1,0,64,77,113,405.5,46,2,11,13,1162.0
2,0,1,0,74,74,108,401.0,46,2,8,9,1144.0
2,0,1,0,83,84,127,463.0,46,4,9,11,1392.0
2,0,1,0,70,77,110,405.5,46,4,15,18,1162.0
2,0,1,0,80,83,123,450.5,46,4,14,17,1342.0
2,0,1,0,87,72,96,387.0,46,3,9,10,1088.0
2,0,1,0,65,75,122,421.5,46,4,9,12,1226.0
2,0,1,0,96,77,130,471.5,46,6,9,11,1426.0
2,0,1,0,87,90,126,474.0,45,3,9,11,1436.0
2,0,1,0,83,63,108,393.5,46,1,8,10,1114.0
2,0,1,0,82,74,124,441.0,46,2,9,11,1304.0
2,0,1,0,81,93,147,514.5,46,6,12,16,1598.0
2,0,1,0,76,77,107,405.5,46,2,10,11,1162.0
2,0,1,0,82,88,141,496.0,46,4,11,14,1524.0
2,0,1,0,74,71,106,392.5,46,2,9,12,1110.0
2,0,1,0,74,81,122,439.5,46,2,8,10,1298.0
2,0,1,0,73,84,144,487.0,45,4,8,10,1488.0
2,0,1,0,64,53,102,347.5,46,2,8,10,930.0
2,0,1,0,82,89,137,489.5,46,4,10,13,1498.0
2,0,1,0,73,61,129,422.5,46,2,10,12,1230.0
2,0,1,0,67,63,110,381.5,46,3,10,12,1066.0
2,0,1,0,77,77,136,464.5,46,4,10,13,1398.0
2,0,1,0,68,75,97,374.5,45,2,10,11,1038.0
2,0,1,0,91,94,151,534.0,46,12,13,23,1676.0
2,0,1,0,104,106,166,595.0,46,7,18,21,1920.0
2,0,1,0,77,81,122,442.5,46,4,10,14,1310.0
2,0,1,0,51,68,101,355.0,45,2,10,12,960.0
2,0,1,0,85,84,143,497.0,46,6,14,18,1528.0
2,0,1,0,78,103,146,524.5,46,7,13,17,1638.0
2,0,1,0,89,77,133,470.5,46,3,14,16,1422.0
2,0,1,0,81,85,119,446.5,46,2,9,11,1326.0
2,0,1,0,78,83,129,460.5,46,7,11,17,1382.0
2,0,1,0,79,72,115,417.0,46,3,9,12,1208.0
2,0,1,0,62,66,119,399.0,45,3,10,13,1136.0
2,0,1,0,92,85,142,503.5,46,13,9,13,1554.0
2,0,1,0,78,95,138,496.5,46,5,9,13,1526.0
2,0,1,0,76,81,125,447.5,46,3,12,14,1330.0
2,0,1,0,57,62,100,350.0,46,2,8,10,940.0
2,0,1,0,101,95,175,593.5,48,13,19,28,1914.0
2,0,1,0,83,71,121,431.5,46,2,8,9,1266.0
2,0,1,0,87,85,147,508.5,46,8,10,14,1574.0
2,0,1,0,88,90,111,445.0,46,3,11,14,1320.0
2,0,1,0,60,72,119,406.0,46,1,16,18,1164.0
2,0,1,0,104,96,166,580.0,46,14,9,15,1860.0
2,0,1,0,65,73,111,396.5,46,3,10,12,1126.0
2,0,1,0,90,87,145,510.5,46,6,12,15,1582.0
2,0,1,0,66,71,108,388.5,46,2,9,11,1094.0
2,0,1,0,96,101,151,549.5,46,12,12,14,1738.0
2,0,1,0,84,80,139,482.0,46,4,9,10,1468.0
2,0,1,0,68,76,129,440.0,46,5,10,14,1300.0
2,0,1,0,82,83,137,480.5,46,5,8,11,1462.0
2,0,1,0,89,84,134,483.0,46,4,9,12,1472.0
2,0,1,0,67,76,123,427.0,46,3,14,15,1248.0
2,0,1,0,68,64,107,378.0,46,2,9,10,1052.0
2,0,1,0,89,96,150,533.0,46,8,13,18,1672.0
2,0,1,0,80,85,132,471.5,46,4,16,19,1426.0
2,0,1,0,70,72,115,408.0,46,2,10,11,1172.0
2,0,1,0,68,77,111,405.5,46,4,16,19,1162.0
2,0,1,0,97,83,153,527.5,46,7,13,17,1650.0
2,0,1,0,78,69,107,395.5,46,5,10,14,1122.0
2,0,1,0,84,71,123,436.5,46,1,8,9,1286.0
2,0,1,0,76,86,124,453.0,46,3,11,13,1352.0
2,0,1,0,77,63,116,403.5,46,5,14,17,1154.0
2,0,1,0,56,62,100,349.0,45,1,8,9,936.0
2,0,1,0,50,72,121,400.0,46,5,11,15,1140.0
2,0,1,0,81,78,120,438.0,46,3,9,12,1292.0
2,0,1,0,83,82,138,482.0,46,5,12,16,1468.0
2,0,1,0,71,84,128,453.0,46,3,12,14,1352.0
2,0,1,0,76,78,116,425.0,46,5,13,18,1240.0
2,0,1,0,74,78,133,457.0,46,9,10,13,1368.0
2,0,1,0,59,68,107,375.0,46,3,12,14,1040.0
2,0,1,0,94,96,141,520.0,46,10,17,26,1620.0
2,0,1,0,77,73,118,422.5,46,4,9,11,1230.0
2,0,1,0,84,82,140,487.0,45,7,13,15,1488.0
2,0,1,0,94,100,149,542.0,46,11,12,21,1708.0
2,0,1,1,84,68,114,414.0,45,0,14,14,1096.0
2,0,1,1,76,88,121,450.0,46,0,11,11,1240.0
2,0,1,1,76,83,139,478.5,46,0,11,11,1354.0
2,0,1,1,69,66,96,360.0,44,0,13,14,880.0
2,0,1,1,62,64,110,378.0,45,0,15,15,952.0
2,0,1,1,103,108,156,577.0,46,1,27,28,1748.0
2,0,1,1,84,91,147,514.5,46,1,12,12,1498.0
2,0,1,1,113,92,146,543.0,46,1,11,12,1612.0
2,0,1,1,71,82,140,474.0,46,0,14,15,1336.0
2,0,1,1,92,99,158,556.5,46,1,23,24,1666.0
2,0,1,1,82,88,149,512.0,46,1,22,22,1488.0
2,0,1,1,79,74,115,420.0,46,0,10,10,1120.0
2,0,1,1,86,82,148,505.0,46,0,26,26,1460.0
2,0,1,1,64,69,110,387.5,46,0,13,13,990.0
2,0,1,1,91,81,122,456.5,46,0,16,16,1266.0
2,0,1,1,70,69,97,367.5,46,0,11,11,910.0
2,0,1,1,71,67,119,409.5,46,0,9,9,1078.0
2,0,1,1,87,60,129,435.0,46,0,12,12,1180.0
2,0,1,1,74,90,112,433.0,46,0,13,13,1172.0
2,0,1,1,79,71,125,435.5,46,0,10,10,1182.0
2,0,1,1,87,86,138,492.0,46,0,10,10,1408.0
2,0,1,1,84,78,115,431.0,46,0,10,10,1164.0
2,0,1,1,99,91,148,531.5,46,1,16,16,1566.0
2,0,1,1,74,65,112,395.5,46,0,16,16,1022.0
2,0,1,1,67,85,139,472.5,46,0,16,17,1330.0
2,0,1,1,71,75,117,417.5,46,0,9,9,1110.0
2,0,1,1,105,83,133,495.5,46,1,33,34,1422.0
2,0,1,1,89,96,135,503.0,46,0,18,18,1452.0
2,0,1,1,59,62,104,360.0,46,0,9,9,880.0
2,0,1,1,67,79,119,423.5,46,0,17,18,1134.0
2,0,1,1,71,64,101,369.0,46,0,10,10,916.0
2,0,1,1,71,87,133,467.5,46,0,19,20,1310.0
2,0,1,1,70,67,113,396.5,46,0,10,10,1026.0
2,0,1,1,74,80,119,432.0,46,0,11,11,1168.0
2,0,1,1,78,91,140,494.5,46,0,11,11,1418.0
2,0,1,1,76,91,140,492.5,46,0,12,12,1410.0
2,0,1,1,72,93,141,493.5,46,0,11,11,1414.0
2,0,1,1,71,76,101,387.0,45,0,15,15,988.0
2,0,1,1,48,57,98,329.5,44,0,12,12,758.0
2,0,1,1,89,100,145,529.0,45,1,21,21,1556.0
2,0,1,1,78,88,116,442.0,46,0,9,9,1208.0
2,0,1,1,66,65,107,377.5,46,0,11,11,950.0
2,0,1,1,54,68,105,366.0,46,0,9,9,904.0
2,0,1,1,91,88,143,509.0,46,0,20,20,1476.0
2,0,1,1,87,96,161,553.0,45,1,20,20,1652.0
2,0,1,1,63,62,100,356.0,45,0,9,9,864.0
2,0,1,1,83,77,128,454.5,46,0,12,12,1258.0
2,0,1,1,70,66,101,371.0,46,0,12,12,924.0
2,0,1,1,75,93,122,458.5,46,1,13,14,1274.0
2,0,1,1,69,74,129,438.0,46,0,13,13,1192.0
2,0,1,1,70,50,116,377.0,46,0,12,12,948.0
2,0,1,1,87,74,120,438.0,46,1,11,11,1192.0
2,0,1,1,62,68,106,376.0,45,0,16,16,944.0
2,0,1,1,67,63,117,395.5,46,0,10,10,1022.0
2,0,1,1,91,79,127,463.5,46,0,10,10,1294.0
2,0,1,1,93,96,153,543.0,46,1,16,17,1612.0
2,0,1,1,74,94,128,471.0,46,0,13,13,1324.0
2,0,1,1,63,57,108,364.5,45,0,9,9,898.0
2,0,1,1,80,66,125,429.0,46,0,14,15,1156.0
2,0,1,1,72,86,127,455.0,46,0,19,19,1260.0
2,0,1,1,92,95,164,562.5,46,1,21,21,1690.0
2,0,1,1,97,94,150,538.0,46,0,12,13,1592.0
2,0,1,1,57,66,93,342.0,46,0,12,13,808.0
2,0,1,1,99,97,142,528.5,46,0,16,16,1554.0
2,0,1,1,71,74,124,430.0,46,0,9,10,1160.0
2,0,1,1,97,83,147,515.5,46,0,9,9,1502.0
2,0,1,1,68,68,124,418.0,46,0,9,9,1112.0
2,0,1,1,74,70,116,411.0,46,0,11,11,1084.0
2,0,1,1,97,112,176,617.0,48,0,21,22,1908.0
2,0,1,1,90,89,140,503.5,46,0,17,17,1454.0
2,0,1,1,77,71,117,417.5,46,0,11,11,1110.0
2,0,1,1,73,77,121,430.5,46,0,16,16,1162.0
2,0,1,1,94,90,148,525.0,46,1,39,40,1540.0
2,0,1,1,73,81,113,420.5,46,0,11,11,1122.0
2,0,1,1,63,72,126,423.0,46,0,14,14,1132.0
2,0,1,1,56,72,112,388.0,46,0,12,12,992.0
2,0,1,1,80,91,127,470.5,46,0,23,24,1322.0
2,0,1,1,60,83,106,396.5,46,0,8,9,1026.0
2,0,1,1,79,86,127,462.0,46,0,12,12,1288.0
2,0,1,1,80,74,143,477.0,45,1,10,10,1348.0
2,0,1,1,88,95,149,528.5,46,1,21,22,1554.0
2,0,1,1,72,68,112,398.0,46,0,12,13,1032.0
2,0,1,1,76,67,124,424.5,46,0,14,15,1138.0
2,0,1,1,79,69,134,450.5,45,0,11,11,1242.0
2,0,1,1,74,76,110,408.0,46,1,12,12,1072.0
2,0,1,1,96,84,159,540.0,46,0,27,27,1600.0
2,0,1,1,67,60,102,361.0,45,0,9,9,884.0
2,0,1,1,73,83,137,471.5,46,0,11,11,1326.0
2,0,1,1,89,79,136,479.5,46,1,11,11,1358.0
2,0,1,1,72,71,127,432.5,46,0,13,13,1170.0
2,0,1,1,77,75,115,419.5,46,0,10,11,1118.0
2,0,1,1,77,76,121,433.0,46,0,14,15,1172.0
2,0,1,1,75,90,115,440.0,46,0,12,12,1200.0
2,0,1,1,77,88,130,469.0,46,0,11,11,1316.0
2,0,1,1,92,84,128,474.0,46,0,12,12,1336.0
2,0,1,1,91,89,142,508.5,46,1,11,11,1474.0
2,0,1,1,71,77,127,440.5,46,0,17,17,1202.0
2,0,1,1,103,92,136,513.0,46,0,12,13,1492.0
2,0,1,1,86,71,151,494.5,46,0,14,14,1418.0
2,0,1,1,102,74,134,481.0,46,0,20,20,1364.0
2,0,1,1,73,60,115,393.0,46,0,10,11,1012.0
2,0,1,1,81,76,127,449.0,46,0,10,10,1236.0
2,0,1,1,66,67,109,384.5,46,0,8,9,978.0
2,0,1,1,77,81,142,482.5,46,0,13,13,1370.0
2,0,1,1,93,82,168,552.0,46,1,12,12,1648.0
2,0,1,1,69,63,105,373.5,46,0,10,10,934.0
2,0,1,1,85,82,139,486.0,46,0,10,10,1384.0
2,0,1,1,92,82,139,493.0,46,1,12,12,1412.0
2,0,1,1,60,65,91,339.5,45,0,10,10,798.0
2,0,1,1,64,87,134,462.5,46,0,9,9,1290.0
2,0,1,1,84,97,145,519.5,46,1,19,20,1518.0
2,0,1,1,74,81,129,453.5,46,0,11,11,1254.0
2,0,1,1,93,80,114,441.0,46,0,15,15,1204.0
2,0,1,1,88,101,142,523.5,46,1,27,27,1534.0
2,0,1,1,57,63,105,361.5,45,0,11,11,886.0
2,0,1,1,91,99,151,541.5,46,0,24,24,1606.0
2,0,1,1,64,56,109,366.0,46,0,9,9,904.0
2,0,1,1,81,92,146,511.0,46,0,12,12,1484.0
2,0,1,1,67,61,103,364.5,46,0,8,9,898.0
2,0,1,1,91,84,131,479.0,46,1,20,21,1356.0
2,0,1,1,90,96,134,502.0,46,0,12,12,1448.0
2,0,1,1,69,75,133,447.5,46,0,11,11,1230.0
2,0,1,1,74,80,141,476.0,46,1,13,13,1344.0
2,0,1,1,60,70,112,389.0,46,0,12,12,996.0
2,0,1,1,90,78,132,471.0,46,1,20,20,1324.0
2,0,1,1,89,94,136,502.0,46,0,11,12,1448.0
2,0,1,1,86,81,143,493.5,46,1,27,28,1414.0
2,0,1,1,69,82,132,456.0,46,0,13,13,1264.0
2,0,1,1,62,75,107,388.5,46,0,12,12,994.0
2,0,1,1,104,104,157,574.0,46,0,11,11,1736.0
2,0,1,1,85,86,138,490.0,46,0,14,14,1400.0
2,0,1,1,98,106,156,569.0,48,0,11,11,1716.0
2,0,1,1,90,106,156,561.0,46,1,18,19,1684.0
2,0,1,1,81,67,114,409.5,46,0,10,10,1078.0
2,0,1,1,95,98,154,550.0,45,1,18,19,1640.0
2,0,1,1,75,67,121,417.5,45,1,11,11,1110.0
2,0,1,1,87,102,144,528.0,46,1,25,25,1552.0
2,0,1,1,71,60,115,391.0,45,0,10,10,1004.0
2,0,1,1,72,62,101,367.0,46,0,10,10,908.0
2,0,1,1,72,90,112,431.0,46,0,15,15,1164.0
2,0,1,1,77,81,117,432.5,46,0,9,9,1170.0
2,0,1,1,79,81,118,436.5,46,0,17,17,1186.0
2,0,1,1,72,66,104,379.0,46,0,8,8,956.0
2,0,1,1,67,83,131,453.5,46,0,14,14,1254.0
2,0,1,1,97,94,151,540.0,46,0,28,28,1600.0
2,0,1,1,75,85,130,462.5,46,0,13,13,1290.0
2,0,1,1,67,72,100,375.0,46,0,11,11,940.0
2,0,1,1,77,68,113,405.0,46,0,13,13,1060.0
2,0,1,1,87,99,149,533.5,46,0,37,38,1574.0
2,0,1,1,78,78,110,415.0,46,0,9,9,1100.0
2,0,2,0,76,69,112,403.5,46,0,14,14,1034.0
2,0,2,0,109,100,163,585.0,46,1,33,34,1760.0
2,0,2,0,90,84,150,516.0,46,0,11,11,1484.0
2,0,2,0,73,64,104,377.0,46,0,11,11,928.0
2,0,2,0,85,76,131,461.0,46,0,11,11,1264.0
2,0,2,0,80,86,135,479.0,46,0,14,14,1336.0
2,0,2,0,72,75,97,378.5,46,0,9,9,934.0
2,0,2,0,91,84,152,521.0,46,1,19,21,1504.0
2,0,2,0,90,93,143,515.5,45,0,12,12,1482.0
2,0,2,0,71,89,122,448.5,46,1,23,24,1214.0
2,0,2,0,76,71,132,446.5,46,0,9,9,1206.0
2,0,2,0,85,89,137,492.5,46,0,11,11,1390.0
2,0,2,0,79,86,139,486.0,46,1,10,10,1364.0
2,0,2,0,84,83,147,502.5,46,0,13,13,1430.0
2,0,2,0,56,66,93,341.0,45,0,8,8,784.0
2,0,2,0,71,78,125,438.0,46,0,10,10,1172.0
2,0,2,0,104,82,147,521.0,46,1,20,20,1504.0
2,0,2,0,76,67,106,388.5,46,0,13,13,974.0
2,0,2,0,70,76,128,440.0,46,0,9,9,1180.0
2,0,2,0,93,80,156,525.0,46,0,11,11,1520.0
2,0,2,0,64,59,84,320.5,45,0,10,10,702.0
2,0,2,0,56,57,109,359.5,46,0,10,10,858.0
2,0,2,0,75,89,130,468.5,46,0,14,15,1294.0
2,0,2,0,84,76,140,478.0,46,0,15,16,1332.0
2,0,2,0,74,77,126,441.5,46,0,14,14,1186.0
2,0,2,0,87,89,137,494.5,46,0,11,11,1398.0
2,0,2,0,68,74,131,441.0,46,0,13,13,1184.0
2,0,2,0,73,79,113,417.5,46,0,10,10,1090.0
2,0,2,0,73,69,112,400.5,46,0,12,12,1022.0
2,0,2,0,79,77,118,430.5,46,0,11,11,1142.0
2,0,2,0,97,88,137,503.0,46,0,8,8,1432.0
2,0,2,0,66,70,116,403.0,46,0,14,14,1032.0
2,0,2,0,56,54,90,317.0,45,0,9,9,688.0
2,0,2,0,63,57,92,332.5,45,0,9,9,750.0
2,0,2,0,92,91,151,530.5,46,1,11,12,1542.0
2,0,2,0,93,85,129,478.5,46,0,13,14,1334.0
2,0,2,0,89,83,130,473.5,45,1,10,10,1314.0
2,0,2,0,91,83,151,517.5,46,0,11,11,1490.0
2,0,2,0,90,81,140,491.5,46,0,20,20,1386.0
2,0,2,0,78,72,121,428.0,46,0,11,11,1132.0
2,0,2,0,85,72,138,469.0,46,0,10,10,1296.0
2,0,2,0,84,92,153,528.0,45,0,14,14,1532.0
2,0,2,0,74,77,109,407.5,46,0,13,14,1050.0
2,0,2,0,75,60,121,407.0,46,0,11,11,1048.0
2,0,2,0,93,91,135,499.5,46,0,24,25,1418.0
2,0,2,0,87,83,128,467.5,46,0,9,9,1290.0
2,0,2,0,79,76,117,427.0,46,0,9,9,1128.0
2,0,2,0,80,70,119,423.0,45,0,11,11,1112.0
2,0,2,0,80,76,112,418.0,46,0,12,12,1092.0
2,0,2,0,91,101,161,564.5,45,0,25,25,1678.0
2,0,2,0,72,77,125,437.5,46,0,10,10,1170.0
2,0,2,0,59,65,99,354.5,45,0,8,8,838.0
2,0,2,0,68,73,109,395.5,46,0,11,11,1002.0
2,0,2,0,101,81,145,512.5,46,1,22,23,1470.0
2,0,2,0,78,86,128,463.0,46,0,14,14,1272.0
2,0,2,0,69,76,118,419.0,46,0,9,9,1096.0
2,0,2,0,64,67,112,388.5,46,0,8,8,974.0
2,0,2,0,91,112,164,587.0,46,1,29,29,1768.0
2,0,2,0,73,95,121,457.5,46,0,26,26,1250.0
2,0,2,0,97,79,149,513.5,46,1,19,20,1474.0
2,0,2,0,65,66,127,418.0,46,0,15,15,1092.0
2,0,2,0,74,77,123,435.5,46,0,10,10,1162.0
2,0,2,0,105,100,175,605.0,47,1,21,21,1840.0
2,0,2,0,69,88,141,483.0,46,0,13,14,1352.0
2,0,2,0,73,89,135,476.5,46,1,30,30,1326.0
2,0,2,0,81,80,122,445.0,46,0,11,11,1200.0
2,0,2,0,75,82,120,438.0,46,0,9,10,1172.0
2,0,2,0,85,96,153,535.0,46,0,20,21,1560.0
2,0,2,0,55,64,104,359.0,44,0,13,13,856.0
2,0,2,0,78,79,155,506.5,46,0,11,11,1446.0
2,0,2,0,78,80,118,434.0,46,0,9,10,1156.0
2,0,2,0,62,59,117,384.5,46,0,11,11,958.0
2,0,2,0,68,63,110,382.5,45,0,10,10,950.0
2,0,2,0,74,93,135,483.5,46,0,11,11,1354.0
2,0,2,0,86,90,128,477.0,46,0,22,23,1328.0
2,0,2,0,82,73,123,437.5,46,0,9,9,1170.0
2,0,2,0,94,87,139,502.5,46,1,16,16,1430.0
2,0,2,0,81,68,108,399.0,46,0,9,10,1016.0
2,0,2,0,68,60,110,378.0,46,0,8,9,932.0
2,0,2,0,89,96,135,503.0,46,0,15,15,1432.0
2,0,2,0,68,76,122,426.0,45,0,10,10,1124.0
2,0,2,0,51,51,80,287.5,40,0,10,10,570.0
2,0,2,0,64,67,104,372.5,46,0,9,9,910.0
2,0,2,0,87,99,141,517.5,46,0,25,26,1490.0
2,0,2,0,60,62,108,369.0,46,0,9,9,896.0
2,0,2,0,67,71,112,397.5,46,0,19,19,1010.0
2,0,2,0,86,82,138,485.0,46,1,23,24,1360.0
2,0,2,0,68,63,101,364.5,46,0,8,9,878.0
2,0,2,0,83,82,151,508.0,46,0,12,12,1452.0
2,0,2,0,78,64,114,402.0,46,0,12,13,1028.0
2,0,2,0,85,77,133,466.5,46,0,13,13,1286.0
2,0,2,0,85,73,151,496.5,45,1,16,17,1406.0
2,0,2,0,107,102,151,562.0,46,0,18,19,1668.0
2,0,2,0,82,91,138,494.5,46,0,11,11,1398.0
2,0,2,0,72,79,126,442.5,46,0,16,16,1190.0
2,0,2,0,99,94,139,518.0,46,0,28,28,1492.0
2,0,2,0,82,85,112,433.5,46,1,16,17,1154.0
2,0,2,0,91,85,130,478.5,46,0,17,17,1334.0
2,0,2,0,88,80,130,468.0,46,1,17,17,1292.0
2,0,2,0,67,74,121,420.0,46,0,10,10,1100.0
2,0,2,0,71,91,139,485.5,46,0,16,17,1362.0
2,0,2,0,58,66,106,369.0,45,0,9,9,896.0
2,0,2,0,67,75,97,373.5,45,0,9,9,914.0
2,0,2,0,65,72,123,419.0,46,0,9,9,1096.0
2,0,2,0,64,66,92,347.0,46,0,10,10,808.0
2,0,2,0,63,72,109,389.0,46,0,11,11,976.0
2,0,2,0,70,79,140,468.5,46,0,9,10,1294.0
2,0,2,0,83,95,158,541.5,46,1,18,18,1586.0
2,0,2,0,108,93,145,537.5,46,0,19,20,1570.0
2,0,2,0,64,82,109,405.0,46,0,9,9,1040.0
2,0,2,0,75,70,110,400.0,46,0,12,13,1020.0
2,0,2,0,73,74,119,422.0,46,0,16,16,1108.0
2,0,2,0,63,68,94,353.0,44,0,13,13,832.0
2,0,2,0,92,76,132,470.0,46,0,13,13,1300.0
2,0,2,0,74,76,100,388.0,46,0,12,13,972.0
2,0,2,0,83,81,136,476.5,46,0,12,12,1326.0
2,0,2,0,70,68,110,392.0,46,0,14,14,988.0
2,0,2,0,81,68,113,409.0,46,0,9,9,1056.0
2,0,2,0,79,81,129,458.5,46,0,17,18,1254.0
2,0,2,0,74,72,114,410.0,46,0,12,12,1060.0
2,0,2,0,57,63,100,351.5,45,0,9,9,826.0
2,0,2,0,77,76,106,403.0,46,0,10,10,1032.0
2,0,2,0,71,84,114,425.0,46,0,11,11,1120.0
2,0,2,0,71,84,135,467.0,46,0,11,11,1288.0
2,0,2,0,90,91,139,504.5,46,0,23,23,1438.0
2,0,2,0,86,87,131,478.5,45,0,13,13,1334.0
2,0,2,0,65,84,117,425.0,46,0,9,9,1120.0
2,0,2,0,72,70,101,379.0,46,0,9,9,936.0
2,0,2,0,74,68,110,396.0,46,0,8,8,1004.0
2,0,2,0,66,67,112,390.5,46,0,12,12,982.0
2,0,2,0,95,94,141,518.0,46,0,18,18,1492.0
2,0,2,0,74,77,126,441.5,46,1,9,10,1186.0
2,0,2,0,90,96,136,506.0,46,0,17,18,1444.0
2,0,2,0,82,90,126,469.0,46,0,13,14,1296.0
2,0,2,0,91,99,132,503.5,46,0,12,12,1434.0
2,0,2,0,61,73,107,384.5,46,0,9,9,958.0
2,0,2,0,71,77,122,430.5,46,0,10,11,1142.0
2,0,2,0,68,77,119,421.5,46,1,13,14,1106.0
2,0,2,0,74,83,134,466.5,46,0,11,11,1286.0
2,0,2,0,96,78,121,455.0,46,0,16,16,1240.0
2,0,2,0,74,69,109,395.5,46,0,12,12,1002.0
2,0,2,0,76,70,118,417.0,46,0,15,15,1088.0
2,0,2,0,80,82,133,469.0,46,1,31,31,1296.0
2,0,2,0,92,93,136,503.5,46,0,12,13,1434.0
2,0,2,0,89,96,153,539.0,46,0,20,20,1576.0
2,0,2,0,79,82,146,494.0,46,0,11,12,1396.0
2,0,2,0,78,77,124,441.5,46,0,11,12,1186.0
2,0,2,0,80,98,148,523.0,46,1,14,14,1512.0
2,0,2,0,80,70,124,433.0,46,0,13,13,1152.0
2,0,2,0,43,50,93,304.0,41,0,10,10,636.0
2,0,2,1,82,69,108,401.5,46,0,10,10,926.0
2,0,2,1,66,79,124,432.5,45,0,13,13,1050.0
2,0,2,1,69,72,100,377.0,46,0,11,11,828.0
2,0,2,1,65,90,125,450.0,46,0,12,12,1120.0
2,0,2,1,77,78,124,442.0,46,0,12,12,1088.0
2,0,2,1,91,91,139,505.5,46,0,18,18,1342.0
2,0,2,1,98,102,135,521.0,46,0,17,17,1404.0
2,0,2,1,78,63,124,420.5,45,0,20,20,1002.0
2,0,2,1,83,78,129,458.0,46,0,10,10,1152.0
2,0,2,1,97,83,150,521.5,46,0,18,18,1406.0
2,0,2,1,82,82,135,475.0,46,0,11,11,1220.0
2,0,2,1,71,84,114,425.0,46,0,11,11,1020.0
2,0,2,1,84,80,109,422.0,46,0,25,25,1008.0
2,0,2,1,62,75,111,396.5,46,0,9,9,906.0
2,0,2,1,88,80,109,426.0,46,0,12,12,1024.0
2,0,2,1,70,72,131,440.0,46,0,13,13,1080.0
2,0,2,1,65,60,104,363.0,44,0,10,10,772.0
2,0,2,1,51,57,88,312.5,45,0,7,7,570.0
2,0,2,1,56,61,106,359.5,46,0,10,10,758.0
2,0,2,1,78,80,137,472.0,46,0,10,10,1208.0
2,0,2,1,97,88,130,489.0,46,0,9,9,1276.0
2,0,2,1,84,80,138,480.0,46,0,12,12,1240.0
2,0,2,1,66,68,103,374.0,45,0,10,10,816.0
2,0,2,1,94,75,127,460.5,45,0,10,10,1162.0
2,0,2,1,80,86,147,503.0,46,0,19,19,1332.0
2,0,2,1,99,84,161,547.0,46,0,18,18,1508.0
2,0,2,1,89,90,162,548.0,46,0,10,10,1512.0
2,0,2,1,68,65,112,389.5,46,0,18,18,878.0
2,0,2,1,63,62,109,374.0,46,0,11,11,816.0
2,0,2,1,91,69,131,456.5,46,0,11,11,1146.0
2,0,2,1,78,91,144,502.5,45,0,19,19,1330.0
2,0,2,1,79,84,113,431.0,46,0,11,11,1044.0
2,0,2,1,70,58,104,365.0,45,0,11,11,780.0
2,0,2,1,78,91,151,516.5,46,0,15,15,1386.0
2,0,2,1,95,114,169,604.0,47,0,17,17,1736.0
2,0,2,1,79,78,129,454.0,46,0,11,11,1136.0
2,0,2,1,68,71,112,398.5,46,0,9,9,914.0
2,0,2,1,60,69,103,369.5,45,0,11,11,798.0
2,0,2,1,71,64,128,423.0,46,0,12,12,1012.0
2,0,2,1,68,70,115,403.0,46,0,12,12,932.0
2,0,2,1,67,69,119,408.5,46,0,15,15,954.0
2,0,2,1,97,75,132,473.5,46,0,17,17,1214.0
2,0,2,1,72,85,135,469.5,46,0,10,10,1198.0
2,0,2,1,71,72,111,401.0,46,0,12,12,924.0
2,0,2,1,71,71,108,393.5,46,0,11,11,894.0
2,0,2,1,85,78,132,466.0,46,0,12,12,1184.0
2,0,2,1,68,56,98,348.0,45,0,14,14,712.0
2,0,2,1,88,85,165,545.5,46,0,13,13,1502.0
2,0,2,1,88,81,133,475.5,46,0,15,15,1222.0
2,0,2,1,96,107,147,550.5,46,0,19,19,1522.0
2,0,2,1,95,92,144,521.0,46,0,18,18,1404.0
2,0,2,1,64,67,108,380.5,46,0,10,10,842.0
2,0,2,1,93,85,139,498.5,46,0,16,16,1314.0
2,0,2,1,69,66,120,408.0,46,0,10,10,952.0
2,0,2,1,70,51,116,378.5,46,0,11,11,834.0
2,0,2,1,82,79,121,442.5,46,0,15,15,1090.0
2,0,2,1,93,95,157,549.5,46,0,14,15,1518.0
2,0,2,1,65,76,109,397.0,46,0,10,10,908.0
2,0,2,1,69,58,110,376.0,46,0,14,14,824.0
2,0,2,1,73,73,104,390.5,46,0,10,10,882.0
2,0,2,1,79,74,131,452.0,46,0,12,12,1128.0
2,0,2,1,96,104,143,538.0,46,0,21,21,1472.0
2,0,2,1,73,67,106,385.5,45,0,12,12,862.0
2,0,2,1,63,71,102,373.5,46,0,9,9,814.0
2,0,2,1,79,68,108,397.0,46,0,10,10,908.0
2,0,2,1,79,86,141,490.0,46,0,13,13,1280.0
2,0,2,1,71,71,128,433.5,46,0,9,9,1054.0
2,0,2,1,101,88,147,527.0,46,0,12,12,1428.0
2,0,2,1,85,79,127,457.5,46,0,22,22,1150.0
2,0,2,1,93,86,137,496.0,46,0,15,15,1304.0
2,0,2,1,77,72,120,425.0,46,0,13,13,1020.0
2,0,2,1,99,91,155,545.5,46,0,16,16,1502.0
2,0,2,1,98,96,148,538.0,46,0,31,31,1472.0
2,0,2,1,74,78,119,429.0,46,0,10,10,1036.0
2,0,2,1,67,80,130,447.0,46,0,20,21,1108.0
2,0,2,1,82,90,137,491.0,46,0,12,12,1284.0
2,0,2,1,79,70,111,406.0,46,0,11,11,944.0
2,0,2,1,76,81,127,451.5,46,0,13,13,1126.0
2,0,2,1,71,81,118,428.5,46,0,14,14,1034.0
2,0,2,1,78,59,118,402.5,46,0,9,9,930.0
2,0,2,1,91,86,138,496.0,46,0,12,12,1304.0
2,0,2,1,111,89,166,576.5,47,0,21,21,1626.0
2,0,2,1,80,84,112,430.0,46,0,11,11,1040.0
2,0,2,1,82,82,132,469.0,46,0,11,11,1196.0
2,0,2,1,80,89,148,509.5,46,0,18,18,1358.0
2,0,2,1,91,104,149,545.0,46,0,34,34,1500.0
2,0,2,1,81,70,136,458.0,46,0,11,11,1152.0
2,0,2,1,82,66,115,411.0,46,0,12,12,964.0
2,0,2,1,74,69,116,409.5,46,0,13,13,958.0
2,0,2,1,97,79,140,495.5,46,0,11,11,1302.0
2,0,2,1,74,69,122,421.5,46,0,12,12,1006.0
2,0,2,1,73,79,112,415.5,46,0,11,11,982.0
2,0,2,1,94,91,126,482.5,46,0,14,15,1250.0
2,0,2,1,86,83,129,468.5,46,0,10,10,1194.0
2,0,2,1,71,80,116,423.0,46,0,21,21,1012.0
2,0,2,1,72,57,113,383.5,46,0,21,21,854.0
2,0,2,1,86,83,139,488.5,45,0,11,11,1274.0
2,0,2,1,89,81,138,486.5,46,0,13,13,1266.0
2,0,2,1,90,95,140,512.5,46,0,17,17,1370.0
2,0,2,1,74,62,111,389.0,46,0,10,10,876.0
2,0,2,1,68,64,108,380.0,45,0,11,11,840.0
2,0,2,1,83,84,139,487.0,46,0,15,15,1268.0
2,0,2,1,79,79,113,423.5,45,0,11,11,1014.0
2,0,2,1,67,64,96,355.0,45,0,12,12,740.0
2,0,2,1,59,52,96,329.0,45,0,9,9,636.0
2,0,2,1,78,81,135,469.5,46,0,13,13,1198.0
2,0,2,1,92,91,146,520.5,46,0,8,8,1402.0
2,0,2,1,91,87,128,477.5,46,0,18,18,1230.0
2,0,2,1,79,76,135,463.0,46,0,11,11,1172.0
2,0,2,1,65,69,113,394.5,46,0,9,9,898.0
2,0,2,1,77,83,121,443.5,46,0,10,10,1094.0
2,0,2,1,75,80,126,447.0,46,0,16,16,1108.0
2,0,2,1,72,81,117,427.5,45,0,18,18,1030.0
2,0,2,1,79,61,113,396.5,46,0,16,16,906.0
2,0,2,1,105,108,169,605.0,46,0,39,39,1740.0
2,0,2,1,93,86,147,516.0,46,0,24,24,1384.0
2,0,2,1,72,76,118,422.0,46,0,13,13,1008.0
2,0,2,1,74,58,99,359.0,46,0,11,11,756.0
2,0,2,1,75,65,127,426.5,46,0,15,15,1026.0
2,0,2,1,78,81,122,443.5,46,0,12,12,1094.0
2,0,2,1,62,59,87,324.5,45,0,12,12,618.0
2,0,2,1,87,72,127,449.0,46,0,20,20,1116.0
2,0,2,1,73,65,109,388.5,46,0,10,10,874.0
2,0,2,1,64,77,115,409.5,46,0,12,12,958.0
2,0,2,1,82,68,129,442.0,46,0,11,11,1088.0
2,0,2,1,90,85,129,475.5,45,0,17,17,1222.0
2,0,2,1,74,74,124,433.0,46,0,12,12,1052.0
2,0,2,1,84,79,130,462.5,46,0,11,11,1170.0
2,0,2,1,106,100,173,602.0,46,0,17,17,1728.0
2,0,2,1,111,101,167,596.5,46,0,31,31,1706.0
2,0,2,1,82,106,148,537.0,46,0,18,18,1468.0
2,0,2,1,66,77,131,443.5,46,0,10,10,1094.0
2,0,2,1,68,65,118,401.5,46,0,13,13,926.0
2,0,2,1,71,61,116,394.5,46,0,14,14,898.0
2,0,2,1,83,77,132,462.5,46,0,19,19,1170.0
2,0,2,1,96,93,161,557.5,46,0,10,10,1550.0
2,0,2,1,71,78,109,406.0,46,0,16,16,944.0
2,0,2,1,79,80,135,469.0,46,0,12,12,1196.0
2,0,2,1,73,76,129,445.0,46,0,13,13,1100.0
2,0,2,1,89,88,152,525.0,45,0,20,20,1420.0
2,0,2,1,86,77,147,495.5,46,0,13,13,1302.0
2,0,2,1,77,72,119,423.0,46,0,12,12,1012.0
2,0,2,1,67,76,118,417.0,46,0,9,9,988.0
2,0,2,1,74,79,129,450.5,46,0,10,10,1122.0
2,0,2,1,64,64,119,398.0,46,0,11,11,912.0
2,0,2,1,80,78,143,483.0,46,0,12,12,1252.0
2,0,2,1,74,84,130,460.0,46,0,18,18,1160.0
2,0,2,1,70,56,109,372.0,45,0,10,10,808.0
2,0,2,1,74,83,136,470.5,46,0,11,11,1202.0
2,0,2,1,92,90,143,513.0,46,0,20,20,1372.0
2,1,1,0,61,68,101,365.0,45,1,8,9,860.0
2,1,1,0,59,69,103,368.5,46,3,7,11,874.0
2,1,1,0,89,88,132,485.0,46,7,9,14,1340.0
2,1,1,0,85,88,155,527.0,46,9,9,11,1508.0
2,1,1,0,81,90,136,488.0,46,4,9,10,1352.0
2,1,1,0,91,75,167,537.5,45,6,8,13,1550.0
2,1,1,0,69,71,104,383.5,46,3,7,9,934.0
2,1,1,0,65,74,107,390.0,46,1,8,9,960.0
2,1,1,0,93,96,160,557.0,46,5,9,13,1628.0
2,1,1,0,84,69,111,409.5,46,2,9,11,1038.0
2,1,1,0,68,70,116,405.0,46,6,8,12,1020.0
2,1,1,0,89,89,144,510.5,46,6,11,15,1442.0
2,1,1,0,72,79,111,412.5,46,7,9,16,1050.0
2,1,1,0,87,101,131,500.5,46,4,8,10,1402.0
2,1,1,0,72,72,115,410.0,45,2,7,9,1040.0
2,1,1,0,73,71,113,405.5,45,2,8,9,1022.0
2,1,1,0,88,80,139,486.0,45,6,8,13,1344.0
2,1,1,0,79,78,125,446.0,46,6,9,14,1184.0
2,1,1,0,70,69,122,417.5,46,2,8,10,1070.0
2,1,1,0,65,75,120,417.5,46,2,7,9,1070.0
2,1,1,0,65,64,97,355.0,45,2,7,9,820.0
2,1,1,0,84,97,154,537.5,45,6,8,12,1550.0
2,1,1,0,76,68,110,398.0,46,4,8,11,992.0
2,1,1,0,77,76,108,407.0,46,3,8,10,1028.0
2,1,1,0,67,81,112,412.5,46,3,8,10,1050.0
2,1,1,0,95,91,141,513.5,46,6,9,13,1454.0
2,1,1,0,76,80,118,432.0,46,6,8,12,1128.0
2,1,1,0,92,87,149,520.5,46,6,13,18,1482.0
2,1,1,0,66,57,116,383.5,46,3,7,10,934.0
2,1,1,0,81,81,129,460.5,45,7,7,11,1242.0
2,1,1,0,94,75,113,432.5,46,2,8,10,1130.0
2,1,1,0,74,57,104,367.5,46,2,8,9,870.0
2,1,1,0,65,78,105,392.0,46,2,8,9,968.0
2,1,1,0,58,68,112,384.0,46,2,8,9,936.0
2,1,1,0,80,89,148,509.5,46,7,10,15,1438.0
2,1,1,0,75,81,121,438.5,46,4,8,12,1154.0
2,1,1,0,66,64,103,368.0,45,2,8,10,872.0
2,1,1,0,75,78,122,436.0,46,2,8,9,1144.0
2,1,1,0,77,84,132,467.0,46,4,9,11,1268.0
2,1,1,0,82,91,149,516.5,46,12,7,18,1466.0
2,1,1,0,90,90,130,485.0,46,5,8,10,1340.0
2,1,1,0,85,82,139,486.0,46,6,7,9,1344.0
2,1,1,0,78,72,101,388.0,46,5,9,14,952.0
2,1,1,0,72,78,117,423.0,46,4,8,10,1092.0
2,1,1,0,74,78,109,409.0,46,3,8,10,1036.0
2,1,1,0,60,67,99,358.5,46,2,7,9,834.0
2,1,1,0,88,97,129,491.5,45,7,8,11,1366.0
2,1,1,0,67,67,111,389.5,46,1,7,9,958.0
2,1,1,0,75,79,139,471.5,45,6,8,14,1286.0
2,1,1,0,81,74,132,456.0,46,2,7,9,1224.0
2,1,1,0,57,49,92,314.5,40,1,8,9,658.0
2,1,1,0,77,77,112,416.5,46,3,8,10,1066.0
2,1,1,0,82,73,133,457.5,46,4,8,10,1230.0
2,1,1,0,65,82,134,456.0,46,4,8,9,1224.0
2,1,1,0,90,84,131,478.0,46,4,9,12,1312.0
2,1,1,0,102,90,159,555.0,46,7,9,11,1620.0
2,1,1,0,112,109,165,605.5,46,8,9,14,1822.0
2,1,1,0,82,66,128,437.0,46,3,9,12,1148.0
2,1,1,0,68,78,111,407.0,46,3,9,12,1028.0
2,1,1,0,89,76,143,489.0,46,4,7,11,1356.0
2,1,1,0,97,106,170,596.0,46,9,10,12,1784.0
2,1,1,0,72,72,110,400.0,46,2,8,9,1000.0
2,1,1,0,72,63,111,388.5,45,2,9,10,954.0
2,1,1,0,76,83,108,416.5,46,3,8,10,1066.0
2,1,1,0,71,64,113,393.0,46,1,7,9,972.0
2,1,1,0,74,71,117,414.5,46,3,8,11,1058.0
2,1,1,0,77,76,141,473.0,46,7,8,11,1292.0
2,1,1,0,102,86,127,485.0,46,13,8,19,1340.0
2,1,1,0,88,67,116,420.5,46,6,8,12,1082.0
2,1,1,0,77,64,133,439.0,46,2,8,10,1156.0
2,1,1,0,73,69,119,414.5,46,3,8,10,1058.0
2,1,1,0,85,106,162,568.0,46,9,8,15,1672.0
2,1,1,0,71,69,116,406.5,46,3,9,12,1026.0
2,1,1,0,67,61,115,388.5,46,3,8,10,954.0
2,1,1,0,106,95,146,540.5,46,4,8,10,1562.0
2,1,1,0,67,71,115,403.5,46,4,8,11,1014.0
2,1,1,0,67,72,98,371.0,46,1,8,9,884.0
2,1,1,0,93,106,164,580.0,45,11,8,17,1720.0
2,1,1,0,81,74,110,412.0,46,1,7,8,1048.0
2,1,1,0,75,67,113,401.5,46,1,8,10,1006.0
2,1,1,0,84,82,144,495.0,46,4,7,9,1380.0
2,1,1,0,55,66,104,362.0,46,3,7,10,848.0
2,1,1,0,82,76,113,422.0,46,2,8,10,1088.0
2,1,1,0,85,91,130,481.5,46,7,11,17,1326.0
2,1,1,0,95,103,146,541.5,46,20,8,24,1566.0
2,1,1,0,80,72,140,468.0,46,5,8,11,1272.0
2,1,1,0,64,76,114,406.0,46,2,9,10,1024.0
2,1,1,0,62,80,123,428.0,46,3,9,11,1112.0
2,1,1,0,82,90,136,489.0,46,3,10,13,1356.0
2,1,1,0,68,86,129,455.0,46,3,8,9,1220.0
2,1,1,0,72,74,117,417.0,46,4,9,12,1068.0
2,1,1,0,80,80,119,438.0,46,8,8,16,1152.0
2,1,1,0,98,90,151,535.0,46,4,9,11,1540.0
2,1,1,0,84,74,125,445.0,46,14,8,12,1180.0
2,1,1,0,78,81,154,507.5,46,6,9,11,1430.0
2,1,1,0,80,89,127,467.5,46,3,7,9,1270.0
2,1,1,0,83,90,140,498.0,46,11,8,16,1392.0
2,1,1,0,67,76,117,415.0,46,5,8,13,1060.0
2,1,1,0,78,81,112,423.5,45,2,8,10,1094.0
2,1,1,0,88,83,148,508.5,46,7,9,14,1434.0
2,1,1,0,91,76,108,421.0,46,2,8,10,1084.0
2,1,1,0,68,75,116,412.5,46,2,7,9,1050.0
2,1,1,0,83,71,136,461.5,46,4,8,9,1246.0
2,1,1,0,88,81,124,457.5,46,5,8,12,1230.0
2,1,1,0,75,79,120,433.5,46,3,8,10,1134.0
2,1,1,0,71,93,125,460.5,46,3,8,10,1242.0
2,1,1,0,80,84,162,530.0,46,6,8,12,1520.0
2,1,1,0,55,59,98,339.5,46,2,7,9,758.0
2,1,1,0,90,85,156,529.5,46,4,8,12,1518.0
2,1,1,0,112,109,151,577.5,46,5,9,13,1710.0
2,1,1,0,84,79,149,500.5,46,7,8,12,1402.0
2,1,1,0,70,71,114,404.5,46,3,8,10,1018.0
2,1,1,0,82,90,119,455.0,46,5,8,10,1220.0
2,1,1,0,89,87,133,485.5,46,3,9,11,1342.0
2,1,1,0,84,88,148,512.0,46,7,8,12,1448.0
2,1,1,0,64,62,109,375.0,46,2,8,9,900.0
2,1,1,0,81,76,125,445.0,46,20,14,30,1180.0
2,1,1,0,86,84,136,484.0,46,4,8,10,1336.0
2,1,1,0,65,80,117,419.0,46,3,8,10,1076.0
2,1,1,0,64,72,114,400.0,45,2,7,9,1000.0
2,1,1,0,76,74,118,423.0,46,4,7,9,1092.0
2,1,1,0,74,70,110,399.0,46,3,7,10,996.0
2,1,1,0,86,84,142,496.0,46,3,9,11,1384.0
2,1,1,0,83,94,151,526.0,46,5,10,14,1504.0
2,1,1,0,62,66,111,383.0,46,2,9,11,932.0
2,1,1,0,95,91,146,523.5,46,4,10,12,1494.0
2,1,1,0,88,93,162,551.5,46,8,9,11,1606.0
2,1,1,0,60,59,104,356.5,46,4,7,10,826.0
2,1,1,0,89,94,139,508.0,46,6,16,21,1432.0
2,1,1,0,80,74,129,449.0,46,3,7,9,1196.0
2,1,1,0,57,52,87,309.0,45,3,7,10,636.0
2,1,1,0,87,81,141,490.5,46,2,8,9,1362.0
2,1,1,0,87,81,138,484.5,46,3,9,11,1338.0
2,1,1,0,89,94,147,524.0,46,8,9,12,1496.0
2,1,1,0,72,77,118,423.5,46,2,8,9,1094.0
2,1,1,0,86,96,148,526.0,46,9,7,12,1504.0
2,1,1,0,71,52,105,359.0,45,1,7,9,836.0
2,1,1,0,61,63,87,329.5,44,1,7,8,718.0
2,1,1,0,90,99,175,588.5,45,5,8,11,1754.0
2,1,1,0,80,74,114,419.0,46,3,8,10,1076.0
2,1,1,0,70,80,94,378.0,46,2,7,8,912.0
2,1,1,0,85,68,132,451.0,46,1,9,10,1204.0
2,1,1,0,73,89,111,428.5,46,1,8,10,1114.0
2,1,1,0,77,84,128,459.0,46,5,8,11,1236.0
2,1,1,0,69,66,121,410.0,46,2,7,9,1040.0
2,1,1,0,95,79,144,501.5,46,4,8,11,1406.0
2,1,1,0,82,94,122,467.0,46,3,7,10,1268.0
2,1,1,0,98,104,172,598.0,46,11,12,19,1792.0
2,1,1,0,76,65,113,399.5,46,2,7,9,998.0
2,1,1,0,69,68,109,389.0,46,1,8,8,956.0
2,1,1,1,102,98,141,531.0,46,1,14,14,1424.0
2,1,1,1,88,65,138,461.5,46,0,11,11,1146.0
2,1,1,1,70,88,133,468.0,46,0,8,8,1172.0
2,1,1,1,74,67,121,416.5,46,0,9,9,966.0
2,1,1,1,73,70,114,406.0,46,1,9,10,924.0
2,1,1,1,77,84,132,467.0,46,1,9,9,1168.0
2,1,1,1,89,83,143,499.5,46,1,10,10,1298.0
2,1,1,1,56,62,101,351.0,45,0,8,8,704.0
2,1,1,1,73,90,125,458.0,46,1,12,12,1132.0
2,1,1,1,88,88,115,450.0,46,0,8,9,1100.0
2,1,1,1,72,80,123,438.0,46,0,10,10,1052.0
2,1,1,1,89,71,127,449.5,46,0,10,10,1098.0
2,1,1,1,78,89,124,459.5,46,0,9,9,1138.0
2,1,1,1,70,62,107,377.0,46,0,8,8,808.0
2,1,1,1,101,94,146,534.0,46,0,12,12,1436.0
2,1,1,1,84,77,141,481.5,46,0,10,10,1226.0
2,1,1,1,61,53,106,352.5,46,0,8,8,710.0
2,1,1,1,117,118,190,674.0,50,1,10,10,1996.0
2,1,1,1,92,89,141,507.5,46,1,12,12,1330.0
2,1,1,1,82,74,145,483.0,46,1,12,13,1232.0
2,1,1,1,68,105,131,487.5,46,0,9,9,1250.0
2,1,1,1,80,74,117,425.0,46,0,9,9,1000.0
2,1,1,1,74,78,129,449.0,46,0,10,10,1096.0
2,1,1,1,92,85,146,511.5,46,1,11,11,1346.0
2,1,1,1,69,87,126,451.5,46,0,12,12,1106.0
2,1,1,1,82,93,131,483.5,46,0,16,16,1234.0
2,1,1,1,69,60,119,397.0,46,0,8,8,888.0
2,1,1,1,88,88,152,524.0,46,0,9,9,1396.0
2,1,1,1,77,71,112,407.5,46,0,8,8,930.0
2,1,1,1,77,101,137,502.5,46,1,12,12,1310.0
2,1,1,1,96,95,151,540.5,46,1,8,8,1462.0
2,1,1,1,84,94,131,487.0,46,1,11,12,1248.0
2,1,1,1,77,73,124,434.5,46,0,8,8,1038.0
2,1,1,1,85,80,122,449.0,46,0,12,13,1096.0
2,1,1,1,71,90,112,430.0,46,0,9,9,1020.0
2,1,1,1,90,72,131,460.0,46,0,12,13,1140.0
2,1,1,1,84,79,118,438.5,46,0,9,10,1054.0
2,1,1,1,69,74,111,402.0,46,0,9,10,908.0
2,1,1,1,89,96,148,529.0,45,1,11,12,1416.0
2,1,1,1,95,88,152,531.0,46,0,9,9,1424.0
2,1,1,1,70,87,119,438.5,46,0,8,8,1054.0
2,1,1,1,83,67,126,435.5,45,0,12,12,1042.0
2,1,1,1,71,69,140,454.5,46,0,10,10,1118.0
2,1,1,1,58,65,87,329.5,45,0,9,9,618.0
2,1,1,1,75,91,152,515.5,46,0,16,17,1362.0
2,1,1,1,62,70,129,425.0,46,0,8,8,1000.0
2,1,1,1,103,89,152,540.5,46,0,11,11,1462.0
2,1,1,1,73,88,142,489.0,46,0,13,13,1256.0
2,1,1,1,59,66,128,414.0,46,0,10,10,956.0
2,1,1,1,119,97,175,614.5,50,1,17,18,1758.0
2,1,1,1,85,75,137,471.5,46,0,11,11,1186.0
2,1,1,1,82,69,137,459.5,46,0,10,10,1138.0
2,1,1,1,108,124,177,648.0,50,1,14,14,1892.0
2,1,1,1,73,75,131,447.5,46,0,9,9,1090.0
2,1,1,1,70,70,116,407.0,46,0,8,8,928.0
2,1,1,1,85,71,118,427.5,46,1,19,19,1010.0
2,1,1,1,72,69,94,363.5,46,0,8,8,754.0
2,1,1,1,86,85,157,527.5,46,1,13,14,1410.0
2,1,1,1,77,76,113,417.0,46,0,11,11,968.0
2,1,1,1,85,64,129,439.0,46,0,9,10,1056.0
2,1,1,1,87,80,146,499.0,46,0,8,8,1296.0
2,1,1,1,64,69,101,369.5,45,0,8,8,778.0
2,1,1,1,80,78,141,479.0,46,1,9,10,1216.0
2,1,1,1,67,72,135,445.0,46,0,9,9,1080.0
2,1,1,1,80,85,125,457.5,46,0,9,9,1130.0
2,1,1,1,70,76,121,426.0,46,0,9,10,1004.0
2,1,1,1,77,89,139,488.5,46,0,9,9,1254.0
2,1,1,1,85,80,127,459.0,46,0,11,12,1136.0
2,1,1,1,102,98,178,605.0,49,1,11,11,1720.0
2,1,1,1,92,91,145,518.5,46,0,10,10,1374.0
2,1,1,1,85,92,135,493.0,46,0,12,12,1272.0
2,1,1,1,83,77,128,454.5,46,0,11,12,1118.0
2,1,1,1,58,78,112,399.0,45,0,9,9,896.0
2,1,1,1,74,85,117,435.5,46,0,11,11,1042.0
2,1,1,1,73,71,108,395.5,46,0,9,9,882.0
2,1,1,1,60,77,128,431.5,46,0,9,9,1026.0
2,1,1,1,75,83,127,453.5,46,0,9,9,1114.0
2,1,1,1,92,80,117,446.0,46,0,9,9,1084.0
2,1,1,1,89,83,145,503.5,46,1,13,13,1314.0
2,1,1,1,77,91,123,459.5,46,0,9,9,1138.0
2,1,1,1,64,74,130,435.0,46,0,9,9,1040.0
2,1,1,1,79,51,109,373.5,46,0,9,9,794.0
2,1,1,1,74,75,122,430.5,46,0,9,9,1022.0
2,1,1,1,67,58,108,370.0,46,0,9,9,780.0
2,1,1,1,78,71,127,438.5,46,0,9,9,1054.0
2,1,1,1,61,71,122,411.5,46,0,13,13,946.0
2,1,1,1,82,85,140,489.5,46,1,10,11,1258.0
2,1,1,1,83,89,137,490.5,46,0,8,9,1262.0
2,1,1,1,92,93,147,525.5,46,0,13,13,1402.0
2,1,1,1,70,66,104,377.0,46,0,9,9,808.0
2,1,1,1,59,77,107,388.5,46,0,8,9,854.0
2,1,1,1,77,72,122,429.0,46,0,9,9,1016.0
2,1,1,1,111,98,178,614.0,46,1,12,12,1756.0
2,1,1,1,66,78,128,439.0,46,1,10,10,1056.0
2,1,1,1,89,78,131,468.0,46,0,9,9,1172.0
2,1,1,1,66,66,121,407.0,45,0,9,9,928.0
2,1,1,1,67,62,96,352.0,46,0,8,8,708.0
2,1,1,1,71,67,118,407.5,46,1,11,12,930.0
2,1,1,1,46,65,94,331.5,45,0,9,9,626.0
2,1,1,1,66,73,130,435.5,46,0,10,10,1042.0
2,1,1,1,71,63,132,429.5,46,0,9,9,1018.0
2,1,1,1,75,77,132,454.5,46,0,9,9,1118.0
2,1,1,1,66,71,117,406.5,46,0,10,10,926.0
2,1,1,1,75,65,112,396.5,46,0,11,11,886.0
2,1,1,1,97,105,153,560.5,46,0,11,11,1542.0
2,1,1,1,102,104,162,582.0,46,2,10,10,1628.0
2,1,1,1,86,86,127,469.0,45,0,16,16,1176.0
2,1,1,1,57,65,92,338.5,45,0,8,8,654.0
2,1,1,1,100,94,129,499.0,46,0,9,9,1296.0
2,1,1,1,83,105,148,536.5,46,0,12,13,1446.0
2,1,1,1,79,95,129,479.5,46,0,9,9,1218.0
2,1,1,1,74,63,123,414.5,46,0,9,10,958.0
2,1,1,1,91,103,129,503.5,46,1,8,8,1314.0
2,1,1,1,77,52,102,359.0,46,0,8,8,736.0
2,1,1,1,84,89,148,513.5,45,1,12,13,1354.0
2,1,1,1,87,85,143,500.5,46,0,8,8,1302.0
2,1,1,1,84,79,119,440.5,46,0,9,9,1062.0
2,1,1,1,69,85,122,440.5,46,0,15,15,1062.0
2,1,1,1,80,67,113,406.5,46,0,9,9,926.0
2,1,1,1,81,87,135,481.5,46,1,9,9,1226.0
2,1,1,1,81,80,125,451.0,46,0,9,10,1104.0
2,1,1,1,101,94,164,570.0,45,0,18,18,1580.0
2,1,1,1,43,48,83,281.0,40,0,8,8,424.0
2,1,1,1,100,84,135,496.0,46,0,11,11,1284.0
2,1,1,1,83,68,114,413.0,46,0,10,10,952.0
2,1,1,1,79,85,137,480.5,46,0,10,10,1222.0
2,1,1,1,76,79,127,448.5,46,0,12,12,1094.0
2,1,1,1,95,81,129,474.5,46,0,12,12,1198.0
2,1,1,1,69,61,98,356.5,46,0,8,8,726.0
2,1,1,1,80,79,123,444.5,46,0,9,9,1078.0
2,1,1,1,103,98,166,582.0,46,1,14,14,1628.0
2,1,1,1,69,85,136,468.5,46,0,9,9,1174.0
2,1,1,1,102,91,157,552.5,46,1,9,10,1510.0
2,1,1,1,78,70,125,433.0,46,0,10,10,1032.0
2,1,1,1,83,84,127,463.0,46,1,8,9,1152.0
2,1,1,1,83,97,145,518.5,46,0,10,10,1374.0
2,1,1,1,63,67,88,339.5,46,0,8,8,658.0
2,1,1,1,74,63,101,370.5,46,0,8,8,782.0
2,1,1,1,68,52,112,370.0,46,0,9,9,780.0
2,1,1,1,90,96,139,512.0,46,1,9,9,1348.0
2,1,1,1,63,55,105,355.5,46,0,8,8,722.0
2,1,1,1,97,88,152,533.0,46,0,11,11,1432.0
2,1,1,1,84,83,150,508.5,46,1,10,10,1334.0
2,1,1,1,100,94,135,511.0,46,1,12,13,1344.0
2,1,1,1,110,105,161,589.5,46,1,12,12,1658.0
2,1,1,1,81,81,120,442.5,46,1,9,10,1070.0
2,1,1,1,90,86,154,527.0,46,0,10,10,1408.0
2,1,1,1,66,71,110,392.5,46,0,8,8,870.0
2,1,1,1,69,62,110,382.0,46,0,8,8,828.0
2,1,1,1,87,83,135,481.5,46,0,8,8,1226.0
2,1,2,0,72,65,104,377.5,46,0,10,10,790.0
2,1,2,0,73,76,111,409.0,46,0,9,10,916.0
2,1,2,0,61,47,90,311.5,44,0,9,9,526.0
2,1,2,0,76,74,124,435.0,46,0,10,10,1020.0
2,1,2,0,97,94,169,576.0,46,1,12,12,1584.0
2,1,2,0,65,58,83,318.0,44,0,8,9,552.0
2,1,2,0,85,80,141,487.0,46,1,9,9,1228.0
2,1,2,0,83,94,141,506.0,46,0,9,9,1304.0
2,1,2,0,71,79,137,463.5,46,0,11,11,1134.0
2,1,2,0,83,87,128,469.5,46,0,12,12,1158.0
2,1,2,0,85,80,127,459.0,46,0,17,18,1116.0
2,1,2,0,78,73,125,437.5,46,0,8,9,1030.0
2,1,2,0,80,71,135,456.5,46,0,9,9,1106.0
2,1,2,0,66,68,105,378.0,46,0,10,10,792.0
2,1,2,0,82,79,133,466.5,46,0,13,14,1146.0
2,1,2,0,80,93,136,491.5,46,0,9,9,1246.0
2,1,2,0,62,70,91,349.0,45,0,9,10,676.0
2,1,2,0,60,68,106,374.0,46,0,9,9,776.0
2,1,2,0,98,97,128,499.5,46,0,8,8,1278.0
2,1,2,0,89,69,136,464.5,46,0,10,10,1138.0
2,1,2,0,78,76,137,466.0,46,0,8,8,1144.0
2,1,2,0,82,65,125,429.5,46,0,8,8,998.0
2,1,2,0,94,92,140,512.0,46,0,9,9,1328.0
2,1,2,0,61,76,106,387.0,46,0,8,8,828.0
2,1,2,0,75,71,118,417.5,46,0,8,9,950.0
2,1,2,0,82,83,143,492.5,46,1,9,9,1250.0
2,1,2,0,59,78,92,360.0,46,0,8,9,720.0
2,1,2,0,87,88,135,489.0,46,1,9,9,1236.0
2,1,2,0,84,82,153,513.0,46,0,10,10,1332.0
2,1,2,0,85,81,137,480.5,46,0,13,13,1202.0
2,1,2,0,72,82,116,427.0,46,0,9,9,988.0
2,1,2,0,85,80,121,447.0,46,0,9,10,1068.0
2,1,2,0,71,89,124,452.5,46,0,9,9,1090.0
2,1,2,0,67,63,101,363.5,46,0,7,8,734.0
2,1,2,0,77,88,131,471.0,46,0,10,10,1164.0
2,1,2,0,67,80,116,419.0,46,0,9,9,956.0
2,1,2,0,63,80,118,419.0,46,0,9,9,956.0
2,1,2,0,72,81,119,431.5,46,0,10,11,1006.0
2,1,2,0,68,57,107,367.5,46,0,9,9,750.0
2,1,2,0,92,82,135,485.0,46,0,8,8,1220.0
2,1,2,0,92,81,158,529.5,46,0,11,11,1398.0
2,1,2,0,69,86,131,460.0,46,0,10,10,1120.0
2,1,2,0,88,73,128,453.5,46,0,9,9,1094.0
2,1,2,0,95,91,119,469.5,46,0,9,9,1158.0
2,1,2,0,63,77,112,402.5,46,0,9,9,890.0
2,1,2,0,65,77,120,420.5,46,0,10,10,962.0
2,1,2,0,77,73,118,422.5,46,0,10,10,970.0
2,1,2,0,80,74,110,411.0,46,0,9,10,924.0
2,1,2,0,101,95,161,565.5,46,1,16,17,1542.0
2,1,2,0,68,91,121,446.5,46,0,9,9,1066.0
2,1,2,0,70,70,119,413.0,46,0,9,9,932.0
2,1,2,0,88,86,135,487.0,46,0,8,8,1228.0
2,1,2,0,95,94,157,550.0,46,0,12,12,1480.0
2,1,2,0,75,73,133,450.5,46,1,10,11,1082.0
2,1,2,0,86,70,119,429.0,46,0,8,8,996.0
2,1,2,0,93,101,154,552.5,47,0,10,11,1490.0
2,1,2,0,72,89,124,453.5,46,0,9,9,1094.0
2,1,2,0,92,82,141,497.0,44,0,10,10,1268.0
2,1,2,0,76,85,108,419.5,46,0,9,9,958.0
2,1,2,0,90,99,159,556.5,46,2,15,15,1506.0
2,1,2,0,73,73,119,420.5,46,0,9,9,962.0
2,1,2,0,69,77,124,432.5,46,0,10,10,1010.0
2,1,2,0,100,86,148,525.0,46,0,9,9,1380.0
2,1,2,0,72,67,100,372.5,46,0,9,9,770.0
2,1,2,0,70,76,95,374.0,46,0,8,8,776.0
2,1,2,0,77,85,111,426.5,46,0,8,8,986.0
2,1,2,0,52,79,112,394.5,46,0,10,10,858.0
2,1,2,0,78,94,155,529.0,46,0,9,9,1396.0
2,1,2,0,78,87,139,486.5,46,0,9,9,1226.0
2,1,2,0,81,71,116,419.5,45,1,10,11,958.0
2,1,2,0,88,82,133,477.0,46,0,13,13,1188.0
2,1,2,0,85,90,122,464.0,46,0,13,13,1136.0
2,1,2,0,66,68,100,368.0,46,0,8,8,752.0
2,1,2,0,92,96,163,562.0,46,1,13,14,1528.0
2,1,2,0,62,65,101,361.5,45,0,8,9,726.0
2,1,2,0,78,89,144,499.5,46,1,10,10,1278.0
2,1,2,0,78,75,119,428.5,46,0,9,9,994.0
2,1,2,0,79,77,133,460.5,46,0,9,9,1122.0
2,1,2,0,90,81,151,513.5,46,0,10,10,1334.0
2,1,2,0,59,65,103,362.5,45,0,9,9,730.0
2,1,2,0,76,69,111,401.5,45,0,8,8,886.0
2,1,2,0,90,89,124,471.5,46,0,10,10,1166.0
2,1,2,0,81,84,140,487.0,46,0,9,9,1228.0
2,1,2,0,68,73,123,423.5,46,0,9,9,974.0
2,1,2,0,94,90,119,467.0,46,0,8,8,1148.0
2,1,2,0,69,80,111,411.0,46,0,8,8,924.0
2,1,2,0,68,64,95,354.0,45,0,8,8,696.0
2,1,2,0,58,61,99,347.5,44,0,9,9,670.0
2,1,2,0,69,70,128,430.0,45,1,11,11,1000.0
2,1,2,0,49,51,79,283.5,43,0,9,9,414.0
2,1,2,0,72,65,113,395.5,46,0,11,11,862.0
2,1,2,0,88,74,125,449.0,46,0,12,12,1076.0
2,1,2,0,75,75,107,401.5,46,0,9,10,886.0
2,1,2,0,69,91,119,443.5,46,0,9,9,1054.0
2,1,2,0,68,61,115,389.5,46,0,9,9,838.0
2,1,2,0,93,81,134,482.5,46,0,10,11,1210.0
2,1,2,0,69,69,115,402.5,46,0,11,11,890.0
2,1,2,0,86,92,138,500.0,46,0,13,13,1280.0
2,1,2,0,63,57,103,354.5,46,0,8,8,698.0
2,1,2,0,85,72,146,485.0,46,0,16,16,1220.0
2,1,2,0,94,84,146,512.0,46,0,9,9,1328.0
2,1,2,0,87,107,121,489.5,46,1,9,9,1238.0
2,1,2,0,71,71,128,433.5,46,0,9,10,1014.0
2,1,2,0,73,67,120,413.5,46,0,9,9,934.0
2,1,2,0,68,55,103,356.5,46,0,8,8,706.0
2,1,2,0,100,112,164,596.0,46,1,11,11,1664.0
2,1,2,0,77,78,132,458.0,46,0,10,10,1112.0
2,1,2,0,73,65,124,418.5,46,0,8,8,954.0
2,1,2,0,85,77,116,432.5,46,0,9,9,1010.0
2,1,2,0,61,71,104,375.5,46,0,9,10,782.0
2,1,2,0,87,73,110,416.5,46,0,9,10,946.0
2,1,2,0,73,67,119,411.5,46,0,8,9,926.0
2,1,2,0,81,84,125,457.0,46,0,8,8,1108.0
2,1,2,0,76,71,121,424.5,46,0,7,8,978.0
2,1,2,0,98,104,152,558.0,46,2,12,12,1512.0
2,1,2,0,82,86,165,541.0,46,1,9,9,1444.0
2,1,2,0,70,73,127,433.5,46,0,12,12,1014.0
2,1,2,0,78,76,102,396.0,46,0,8,8,864.0
2,1,2,0,76,83,134,468.5,46,0,12,12,1154.0
2,1,2,0,84,72,121,434.0,46,0,8,9,1016.0
2,1,2,0,71,60,103,367.0,46,0,9,9,748.0
2,1,2,0,106,82,154,537.0,46,1,16,16,1428.0
2,1,2,0,74,76,127,442.0,46,0,11,11,1048.0
2,1,2,0,71,70,114,404.0,46,0,11,11,896.0
2,1,2,0,86,84,117,446.0,46,0,12,12,1064.0
2,1,2,0,82,90,116,449.0,46,1,8,8,1076.0
2,1,2,0,89,84,152,519.0,46,0,10,10,1356.0
2,1,2,0,70,63,99,362.5,45,1,9,10,730.0
2,1,2,0,57,62,97,344.0,45,0,9,9,656.0
2,1,2,0,83,85,142,494.5,46,1,9,9,1258.0
2,1,2,0,87,89,150,520.5,46,0,9,10,1362.0
2,1,2,0,63,77,116,410.5,46,0,10,10,922.0
2,1,2,0,87,87,147,511.5,46,0,11,11,1326.0
2,1,2,0,74,79,110,412.5,46,0,9,9,930.0
2,1,2,0,99,91,140,515.5,46,1,10,10,1342.0
2,1,2,0,79,78,148,492.0,46,0,8,8,1248.0
2,1,2,0,91,100,150,541.0,46,0,13,13,1444.0
2,1,2,0,89,79,122,451.5,46,0,10,10,1086.0
2,1,2,0,92,92,126,482.0,46,0,9,9,1208.0
2,1,2,0,69,71,109,393.5,46,0,9,9,854.0
2,1,2,0,72,64,112,392.0,46,0,9,9,848.0
2,1,2,0,90,90,143,511.0,46,0,13,13,1324.0
2,1,2,0,72,65,122,413.5,45,0,11,11,934.0
2,1,2,0,78,65,111,397.5,46,0,8,9,870.0
2,1,2,0,80,79,142,482.5,46,0,16,16,1210.0
2,1,2,0,64,73,137,447.5,46,0,8,9,1070.0
2,1,2,0,77,76,153,497.0,46,1,17,17,1268.0
2,1,2,0,73,92,140,491.0,46,1,10,11,1244.0
2,1,2,0,90,85,125,467.5,46,1,10,10,1150.0
2,1,2,0,76,79,130,454.5,46,1,12,13,1098.0
2,1,2,1,87,106,159,564.0,46,0,13,13,1436.0
2,1,2,1,78,74,134,457.0,46,0,11,11,1008.0
2,1,2,1,84,89,146,509.5,45,0,9,9,1218.0
2,1,2,1,79,80,126,451.0,46,0,10,10,984.0
2,1,2,1,93,92,145,521.0,46,0,11,11,1264.0
2,1,2,1,68,67,98,364.5,45,0,9,9,638.0
2,1,2,1,93,89,145,516.5,46,0,12,12,1246.0
2,1,2,1,70,59,97,352.5,46,0,9,9,590.0
2,1,2,1,66,76,117,414.0,46,0,9,9,836.0
2,1,2,1,79,80,139,477.0,46,0,11,11,1088.0
2,1,2,1,79,65,121,418.5,46,0,9,9,854.0
2,1,2,1,80,86,129,467.0,45,0,12,12,1048.0
2,1,2,1,79,78,132,460.0,46,0,9,9,1020.0
2,1,2,1,90,80,130,470.0,46,0,12,13,1060.0
2,1,2,1,79,61,126,422.5,46,0,8,8,870.0
2,1,2,1,102,105,146,551.5,46,0,9,9,1386.0
2,1,2,1,70,60,105,370.0,46,0,9,9,660.0
2,1,2,1,92,81,141,495.5,46,0,8,8,1162.0
2,1,2,1,101,100,164,579.0,46,0,20,20,1496.0
2,1,2,1,66,64,103,368.0,45,0,8,8,652.0
2,1,2,1,78,98,147,519.0,46,0,10,10,1256.0
2,1,2,1,84,87,150,514.5,45,0,10,10,1238.0
2,1,2,1,62,64,105,368.0,46,0,10,10,652.0
2,1,2,1,72,72,118,416.0,46,0,8,8,844.0
2,1,2,1,97,81,121,460.5,46,0,11,11,1022.0
2,1,2,1,92,94,136,505.0,46,0,15,16,1200.0
2,1,2,1,73,81,119,432.5,46,0,10,10,910.0
2,1,2,1,83,83,134,475.5,46,0,9,9,1082.0
2,1,2,1,92,101,134,511.5,46,0,10,10,1226.0
2,1,2,1,76,72,118,420.0,46,0,13,13,860.0
2,1,2,1,53,58,85,310.0,42,0,9,9,420.0
2,1,2,1,80,81,143,487.5,46,0,9,9,1130.0
2,1,2,1,89,84,134,483.0,46,0,11,11,1112.0
2,1,2,1,57,52,87,309.0,45,0,9,9,416.0
2,1,2,1,76,64,120,412.0,46,0,8,8,828.0
2,1,2,1,81,73,117,424.5,46,0,12,12,878.0
2,1,2,1,82,92,137,494.0,46,0,11,11,1156.0
2,1,2,1,81,82,121,446.0,46,0,9,9,964.0
2,1,2,1,108,94,160,569.0,46,0,9,10,1456.0
2,1,2,1,72,69,123,421.5,46,0,13,13,866.0
2,1,2,1,68,75,120,420.5,45,0,10,10,862.0
2,1,2,1,71,73,93,366.5,46,0,8,8,646.0
2,1,2,1,79,86,121,450.0,45,0,11,11,980.0
2,1,2,1,112,85,158,555.5,45,0,9,9,1402.0
2,1,2,1,79,62,126,424.0,46,0,10,10,876.0
2,1,2,1,95,99,151,545.5,46,0,9,9,1362.0
2,1,2,1,84,95,160,546.5,45,0,11,12,1366.0
2,1,2,1,59,69,100,362.5,46,0,8,8,630.0
2,1,2,1,76,73,120,425.5,46,0,10,10,882.0
2,1,2,1,91,83,118,451.5,46,0,10,10,986.0
2,1,2,1,86,87,149,514.5,46,0,9,9,1238.0
2,1,2,1,70,78,130,447.0,46,0,9,9,968.0
2,1,2,1,76,74,126,439.0,46,0,11,11,936.0
2,1,2,1,70,84,128,452.0,46,0,10,10,988.0
2,1,2,1,82,77,122,441.5,46,0,9,9,946.0
2,1,2,1,70,65,109,385.5,46,0,9,9,722.0
2,1,2,1,81,100,144,519.0,46,0,12,12,1256.0
2,1,2,1,81,80,114,429.0,46,0,9,9,896.0
2,1,2,1,86,95,156,540.5,46,0,11,11,1342.0
2,1,2,1,85,84,130,471.0,46,0,12,12,1064.0
2,1,2,1,98,84,146,516.0,46,0,16,16,1244.0
2,1,2,1,86,75,122,442.5,46,0,9,9,950.0
2,1,2,1,97,85,139,502.5,46,0,9,9,1190.0
2,1,2,1,64,76,107,392.0,46,0,8,8,748.0
2,1,2,1,60,69,96,355.5,46,0,8,8,602.0
2,1,2,1,86,95,169,566.5,46,0,17,17,1446.0
2,1,2,1,82,95,151,526.5,46,0,10,10,1286.0
2,1,2,1,76,82,144,487.0,46,0,9,9,1128.0
2,1,2,1,59,56,111,365.0,46,0,9,9,640.0
2,1,2,1,78,59,127,420.5,46,0,11,11,862.0
2,1,2,1,92,87,128,478.5,46,0,8,8,1094.0
2,1,2,1,84,74,132,459.0,46,0,10,10,1016.0
2,1,2,1,81,79,129,457.5,46,0,12,12,1010.0
2,1,2,1,58,76,116,404.0,46,0,8,8,796.0
2,1,2,1,85,90,122,464.0,46,0,10,10,1036.0
2,1,2,1,78,83,140,482.5,46,0,11,11,1110.0
2,1,2,1,85,97,129,488.5,46,0,10,10,1134.0
2,1,2,1,73,78,133,456.0,46,0,10,10,1004.0
2,1,2,1,74,71,133,446.5,46,0,10,10,966.0
2,1,2,1,92,93,135,501.5,46,0,12,12,1186.0
2,1,2,1,101,102,156,566.0,46,0,15,15,1444.0
2,1,2,1,83,87,164,541.5,46,0,10,10,1346.0
2,1,2,1,65,69,125,418.5,46,0,10,10,854.0
2,1,2,1,79,78,136,468.0,45,0,11,11,1052.0
2,1,2,1,91,77,148,502.5,46,0,10,10,1190.0
2,1,2,1,95,88,149,525.0,46,0,11,11,1280.0
2,1,2,1,86,86,136,487.0,46,0,15,15,1128.0
2,1,2,1,86,85,123,459.5,46,0,10,10,1018.0
2,1,2,1,73,60,115,393.0,46,0,9,9,752.0
2,1,2,1,80,65,122,421.5,46,0,10,10,866.0
2,1,2,1,58,61,100,349.5,45,0,8,8,578.0
2,1,2,1,81,75,110,413.5,46,0,10,10,834.0
2,1,2,1,81,82,123,450.0,46,0,8,8,980.0
2,1,2,1,95,79,124,461.5,46,0,13,13,1026.0
2,1,2,1,81,88,152,517.0,46,0,11,11,1248.0
2,1,2,1,71,63,104,373.5,46,0,9,9,674.0
2,1,2,1,78,77,147,487.5,46,0,11,11,1130.0
2,1,2,1,79,75,124,439.5,46,0,13,13,938.0
2,1,2,1,102,103,161,578.5,46,0,13,13,1494.0
2,1,2,1,91,87,139,499.5,45,0,10,10,1178.0
2,1,2,1,85,88,131,479.0,46,0,15,15,1096.0
2,1,2,1,66,76,110,400.0,46,0,12,12,780.0
2,1,2,1,87,77,127,456.5,46,0,13,13,1006.0
2,1,2,1,71,60,104,369.0,46,0,8,8,656.0
2,1,2,1,67,59,98,351.5,45,0,10,10,586.0
2,1,2,1,70,77,120,425.5,46,0,8,8,882.0
2,1,2,1,75,83,115,429.5,46,0,9,9,898.0
2,1,2,1,91,94,139,510.0,46,0,9,9,1220.0
2,1,2,1,76,77,127,445.5,46,0,8,8,962.0
2,1,2,1,73,79,122,435.5,46,0,9,9,922.0
2,1,2,1,68,83,121,434.5,46,0,10,10,918.0
2,1,2,1,81,76,135,465.0,46,0,10,10,1040.0
2,1,2,1,87,86,132,480.0,46,0,12,12,1100.0
2,1,2,1,99,98,135,516.0,46,0,9,9,1244.0
2,1,2,1,76,72,123,430.0,46,0,9,9,900.0
2,1,2,1,67,73,114,404.5,46,0,8,8,798.0
2,1,2,1,89,101,148,536.5,46,0,10,10,1326.0
2,1,2,1,64,57,106,361.5,46,0,9,9,626.0
2,1,2,1,99,79,139,495.5,46,0,10,10,1162.0
2,1,2,1,70,81,125,441.5,46,0,10,10,946.0
2,1,2,1,67,85,114,422.5,46,0,8,8,870.0
2,1,2,1,88,86,144,505.0,46,0,11,11,1200.0
2,1,2,1,55,68,104,365.0,45,0,10,10,640.0
2,1,2,1,84,99,137,506.5,46,0,9,9,1206.0
2,1,2,1,90,84,146,508.0,45,0,8,8,1212.0
2,1,2,1,85,87,121,457.5,46,0,9,9,1010.0
2,1,2,1,87,96,137,505.0,46,0,10,10,1200.0
2,1,2,1,82,82,121,447.0,46,0,8,8,968.0
2,1,2,1,77,73,128,442.5,46,0,10,10,950.0
2,1,2,1,73,60,110,383.0,45,0,8,8,712.0
2,1,2,1,70,73,116,411.5,46,0,9,9,826.0
2,1,2,1,106,84,153,538.0,46,0,8,8,1332.0
2,1,2,1,77,62,123,416.0,45,0,8,8,844.0
2,1,2,1,82,72,133,456.0,46,0,9,9,1004.0
2,1,2,1,100,90,139,513.0,46,0,9,9,1232.0
2,1,2,1,87,82,108,426.0,45,0,15,15,884.0
2,1,2,1,82,97,148,523.5,46,0,9,9,1274.0
2,1,2,1,89,82,137,486.0,46,0,11,11,1124.0
2,1,2,1,79,67,115,409.5,46,0,11,11,818.0
2,1,2,1,67,70,144,460.0,46,0,10,10,1020.0
2,1,2,1,55,62,89,326.0,45,0,10,10,484.0
2,1,2,1,67,69,108,386.5,46,0,8,8,726.0
2,1,2,1,86,82,142,493.0,46,0,8,8,1152.0
2,1,2,1,68,59,91,338.5,45,0,9,9,534.0
2,1,2,1,73,71,122,423.5,46,0,8,8,874.0
2,1,2,1,91,74,132,466.0,45,0,10,10,1044.0
2,1,2,1,81,84,131,469.0,46,0,10,10,1056.0
2,1,2,1,86,88,141,500.0,46,0,15,15,1180.0
2,1,2,1,57,60,102,351.0,45,0,9,9,584.0
2,1,2,1,70,82,103,399.0,46,0,8,8,776.0
